year_film,year_ceremony,ceremony,category,name,film,winner
1929,1930,3,OUTSTANDING PRODUCTION,Universal,All Quiet on the Western Front,True
1929,1930,3,OUTSTANDING PRODUCTION,Cosmopolitan,The Big House,False
1929,1930,3,OUTSTANDING PRODUCTION,Warner Bros.,Disraeli,False
1929,1930,3,OUTSTANDING PRODUCTION,Metro-Goldwyn-Mayer,The Divorcee,False
1929,1930,3,OUTSTANDING PRODUCTION,Paramount Famous Lasky,The Love Parade,False
1930,1931,4,OUTSTANDING PRODUCTION,RKO Radio,Cimarron,True
1930,1931,4,OUTSTANDING PRODUCTION,Fox,East Lynne,False
1930,1931,4,OUTSTANDING PRODUCTION,The Caddo Company,The Front Page,False
1930,1931,4,OUTSTANDING PRODUCTION,Paramount Publix,Skippy,False
1930,1931,4,OUTSTANDING PRODUCTION,Metro-Goldwyn-Mayer,Trader Horn,False
1931,1932,5,OUTSTANDING PRODUCTION,Samuel Goldwyn Productions,Arrowsmith,False
1931,1932,5,OUTSTANDING PRODUCTION,Fox,Bad Girl,False
1931,1932,5,OUTSTANDING PRODUCTION,Metro-Goldwyn-Mayer,The Champ,False
1931,1932,5,OUTSTANDING PRODUCTION,First National,Five Star Final,False
1931,1932,5,OUTSTANDING PRODUCTION,Metro-Goldwyn-Mayer,Grand Hotel,True
1931,1932,5,OUTSTANDING PRODUCTION,Paramount Publix,One Hour with You,False
1931,1932,5,OUTSTANDING PRODUCTION,Paramount Publix,Shanghai Express,False
1931,1932,5,OUTSTANDING PRODUCTION,Paramount Publix,The Smiling Lieutenant,False
1932,1933,6,OUTSTANDING PRODUCTION,Fox,Cavalcade,True
1932,1933,6,OUTSTANDING PRODUCTION,Paramount,A Farewell to Arms,False
1932,1933,6,OUTSTANDING PRODUCTION,Warner Bros.,42nd Street,False
1932,1933,6,OUTSTANDING PRODUCTION,Warner Bros.,I Am a Fugitive from a Chain Gang,False
1932,1933,6,OUTSTANDING PRODUCTION,Columbia,Lady for a Day,False
1932,1933,6,OUTSTANDING PRODUCTION,RKO Radio,Little Women,False
1932,1933,6,OUTSTANDING PRODUCTION,London Films,The Private Life of Henry VIII,False
1932,1933,6,OUTSTANDING PRODUCTION,Paramount,She Done Him Wrong,False
1932,1933,6,OUTSTANDING PRODUCTION,Metro-Goldwyn-Mayer,Smilin' Through,False
1932,1933,6,OUTSTANDING PRODUCTION,Fox,State Fair,False
1934,1935,7,OUTSTANDING PRODUCTION,Metro-Goldwyn-Mayer,The Barretts of Wimpole Street,False
1934,1935,7,OUTSTANDING PRODUCTION,Paramount,Cleopatra,False
1934,1935,7,OUTSTANDING PRODUCTION,First National,Flirtation Walk,False
1934,1935,7,OUTSTANDING PRODUCTION,RKO Radio,The Gay Divorcee,False
1934,1935,7,OUTSTANDING PRODUCTION,Warner Bros.,Here Comes the Navy,False
1934,1935,7,OUTSTANDING PRODUCTION,20th Century,The House of Rothschild,False
1934,1935,7,OUTSTANDING PRODUCTION,Universal,Imitation of Life,False
1934,1935,7,OUTSTANDING PRODUCTION,Columbia,It Happened One Night,True
1934,1935,7,OUTSTANDING PRODUCTION,Columbia,One Night of Love,False
1934,1935,7,OUTSTANDING PRODUCTION,Metro-Goldwyn-Mayer,The Thin Man,False
1934,1935,7,OUTSTANDING PRODUCTION,Metro-Goldwyn-Mayer,Viva Villa!,False
1934,1935,7,OUTSTANDING PRODUCTION,Jesse L. Lasky (production company),The White Parade,False
1935,1936,8,OUTSTANDING PRODUCTION,RKO Radio,Alice Adams,False
1935,1936,8,OUTSTANDING PRODUCTION,Metro-Goldwyn-Mayer,Broadway Melody of 1936,False
1935,1936,8,OUTSTANDING PRODUCTION,Cosmopolitan,Captain Blood,False
1935,1936,8,OUTSTANDING PRODUCTION,Metro-Goldwyn-Mayer,David Copperfield,False
1935,1936,8,OUTSTANDING PRODUCTION,RKO Radio,The Informer,False
1935,1936,8,OUTSTANDING PRODUCTION,20th Century,Les Miserables,False
1935,1936,8,OUTSTANDING PRODUCTION,Paramount,The Lives of a Bengal Lancer,False
1935,1936,8,OUTSTANDING PRODUCTION,Warner Bros.,A Midsummer Night's Dream,False
1935,1936,8,OUTSTANDING PRODUCTION,Metro-Goldwyn-Mayer,Mutiny on the Bounty,True
1935,1936,8,OUTSTANDING PRODUCTION,Metro-Goldwyn-Mayer,Naughty Marietta,False
1935,1936,8,OUTSTANDING PRODUCTION,Paramount,Ruggles of Red Gap,False
1935,1936,8,OUTSTANDING PRODUCTION,RKO Radio,Top Hat,False
1936,1937,9,OUTSTANDING PRODUCTION,Warner Bros.,Anthony Adverse,False
1936,1937,9,OUTSTANDING PRODUCTION,Samuel Goldwyn Productions,Dodsworth,False
1936,1937,9,OUTSTANDING PRODUCTION,Metro-Goldwyn-Mayer,The Great Ziegfeld,True
1936,1937,9,OUTSTANDING PRODUCTION,Metro-Goldwyn-Mayer,Libeled Lady,False
1936,1937,9,OUTSTANDING PRODUCTION,Columbia,Mr. Deeds Goes to Town,False
1936,1937,9,OUTSTANDING PRODUCTION,Metro-Goldwyn-Mayer,Romeo and Juliet,False
1936,1937,9,OUTSTANDING PRODUCTION,Metro-Goldwyn-Mayer,San Francisco,False
1936,1937,9,OUTSTANDING PRODUCTION,Cosmopolitan,The Story of Louis Pasteur,False
1936,1937,9,OUTSTANDING PRODUCTION,Metro-Goldwyn-Mayer,A Tale of Two Cities,False
1936,1937,9,OUTSTANDING PRODUCTION,Universal,Three Smart Girls,False
1937,1938,10,OUTSTANDING PRODUCTION,Columbia,The Awful Truth,False
1937,1938,10,OUTSTANDING PRODUCTION,Metro-Goldwyn-Mayer,Captains Courageous,False
1937,1938,10,OUTSTANDING PRODUCTION,Samuel Goldwyn Productions,Dead End,False
1937,1938,10,OUTSTANDING PRODUCTION,Metro-Goldwyn-Mayer,The Good Earth,False
1937,1938,10,OUTSTANDING PRODUCTION,20th Century-Fox,In Old Chicago,False
1937,1938,10,OUTSTANDING PRODUCTION,Warner Bros.,The Life of Emile Zola,True
1937,1938,10,OUTSTANDING PRODUCTION,Columbia,Lost Horizon,False
1937,1938,10,OUTSTANDING PRODUCTION,Universal,One Hundred Men and a Girl,False
1937,1938,10,OUTSTANDING PRODUCTION,RKO Radio,Stage Door,False
1937,1938,10,OUTSTANDING PRODUCTION,Selznick International Pictures,A Star Is Born,False
1938,1939,11,OUTSTANDING PRODUCTION,Warner Bros.-First National,The Adventures of Robin Hood,False
1938,1939,11,OUTSTANDING PRODUCTION,20th Century-Fox,Alexander's Ragtime Band,False
1938,1939,11,OUTSTANDING PRODUCTION,Metro-Goldwyn-Mayer,Boys Town,False
1938,1939,11,OUTSTANDING PRODUCTION,Metro-Goldwyn-Mayer,The Citadel,False
1938,1939,11,OUTSTANDING PRODUCTION,Warner Bros.-First National,Four Daughters,False
1938,1939,11,OUTSTANDING PRODUCTION,Realization D'Art Cinematographique,Grand Illusion,False
1938,1939,11,OUTSTANDING PRODUCTION,Warner Bros.,Jezebel,False
1938,1939,11,OUTSTANDING PRODUCTION,Metro-Goldwyn-Mayer,Pygmalion,False
1938,1939,11,OUTSTANDING PRODUCTION,Metro-Goldwyn-Mayer,Test Pilot,False
1938,1939,11,OUTSTANDING PRODUCTION,Columbia,You Can't Take It with You,True
1939,1940,12,OUTSTANDING PRODUCTION,Warner Bros.-First National,Dark Victory,False
1939,1940,12,OUTSTANDING PRODUCTION,Selznick International Pictures,Gone with the Wind,True
1939,1940,12,OUTSTANDING PRODUCTION,Metro-Goldwyn-Mayer,"Goodbye, Mr. Chips",False
1939,1940,12,OUTSTANDING PRODUCTION,RKO Radio,Love Affair,False
1939,1940,12,OUTSTANDING PRODUCTION,Columbia,Mr. Smith Goes to Washington,False
1939,1940,12,OUTSTANDING PRODUCTION,Metro-Goldwyn-Mayer,Ninotchka,False
1939,1940,12,OUTSTANDING PRODUCTION,Hal Roach (production company),Of Mice and Men,False
1939,1940,12,OUTSTANDING PRODUCTION,Walter Wanger (production company),Stagecoach,False
1939,1940,12,OUTSTANDING PRODUCTION,Metro-Goldwyn-Mayer,The Wizard of Oz,False
1939,1940,12,OUTSTANDING PRODUCTION,Samuel Goldwyn Productions,Wuthering Heights,False
1940,1941,13,OUTSTANDING PRODUCTION,Warner Bros.,"All This, and Heaven Too",False
1940,1941,13,OUTSTANDING PRODUCTION,Walter Wanger (production company),Foreign Correspondent,False
1940,1941,13,OUTSTANDING PRODUCTION,20th Century-Fox,The Grapes of Wrath,False
1940,1941,13,OUTSTANDING PRODUCTION,Charles Chaplin Productions,The Great Dictator,False
1940,1941,13,OUTSTANDING PRODUCTION,RKO Radio,Kitty Foyle,False
1940,1941,13,OUTSTANDING PRODUCTION,Warner Bros.,The Letter,False
1940,1941,13,OUTSTANDING PRODUCTION,Argosy-Wanger,The Long Voyage Home,False
1940,1941,13,OUTSTANDING PRODUCTION,Sol Lesser (production company),Our Town,False
1940,1941,13,OUTSTANDING PRODUCTION,Metro-Goldwyn-Mayer,The Philadelphia Story,False
1940,1941,13,OUTSTANDING PRODUCTION,Selznick International Pictures,Rebecca,True
1941,1942,14,OUTSTANDING MOTION PICTURE,Metro-Goldwyn-Mayer,Blossoms in the Dust,False
1941,1942,14,OUTSTANDING MOTION PICTURE,Mercury,Citizen Kane,False
1941,1942,14,OUTSTANDING MOTION PICTURE,Columbia,Here Comes Mr. Jordan,False
1941,1942,14,OUTSTANDING MOTION PICTURE,Paramount,Hold Back the Dawn,False
1941,1942,14,OUTSTANDING MOTION PICTURE,20th Century-Fox,How Green Was My Valley,True
1941,1942,14,OUTSTANDING MOTION PICTURE,Samuel Goldwyn Productions,The Little Foxes,False
1941,1942,14,OUTSTANDING MOTION PICTURE,Warner Bros.,The Maltese Falcon,False
1941,1942,14,OUTSTANDING MOTION PICTURE,Warner Bros.,One Foot in Heaven,False
1941,1942,14,OUTSTANDING MOTION PICTURE,Warner Bros.,Sergeant York,False
1941,1942,14,OUTSTANDING MOTION PICTURE,RKO Radio,Suspicion,False
1942,1943,15,OUTSTANDING MOTION PICTURE,Ortus,The Invaders,False
1942,1943,15,OUTSTANDING MOTION PICTURE,Warner Bros.,Kings Row,False
1942,1943,15,OUTSTANDING MOTION PICTURE,Mercury,The Magnificent Ambersons,False
1942,1943,15,OUTSTANDING MOTION PICTURE,Metro-Goldwyn-Mayer,Mrs. Miniver,True
1942,1943,15,OUTSTANDING MOTION PICTURE,20th Century-Fox,The Pied Piper,False
1942,1943,15,OUTSTANDING MOTION PICTURE,Samuel Goldwyn Productions,The Pride of the Yankees,False
1942,1943,15,OUTSTANDING MOTION PICTURE,Metro-Goldwyn-Mayer,Random Harvest,False
1942,1943,15,OUTSTANDING MOTION PICTURE,Columbia,The Talk of the Town,False
1942,1943,15,OUTSTANDING MOTION PICTURE,Paramount,Wake Island,False
1942,1943,15,OUTSTANDING MOTION PICTURE,Warner Bros.,Yankee Doodle Dandy,False
1943,1944,16,OUTSTANDING MOTION PICTURE,Warner Bros.,Casablanca,True
1943,1944,16,OUTSTANDING MOTION PICTURE,Paramount,For Whom the Bell Tolls,False
1943,1944,16,OUTSTANDING MOTION PICTURE,20th Century-Fox,Heaven Can Wait,False
1943,1944,16,OUTSTANDING MOTION PICTURE,Metro-Goldwyn-Mayer,The Human Comedy,False
1943,1944,16,OUTSTANDING MOTION PICTURE,Two Cities,In Which We Serve,False
1943,1944,16,OUTSTANDING MOTION PICTURE,Metro-Goldwyn-Mayer,Madame Curie,False
1943,1944,16,OUTSTANDING MOTION PICTURE,Columbia,The More the Merrier,False
1943,1944,16,OUTSTANDING MOTION PICTURE,20th Century-Fox,The Ox-Bow Incident,False
1943,1944,16,OUTSTANDING MOTION PICTURE,20th Century-Fox,The Song of Bernadette,False
1943,1944,16,OUTSTANDING MOTION PICTURE,Warner Bros.,Watch on the Rhine,False
1944,1945,17,BEST MOTION PICTURE,Paramount,Double Indemnity,False
1944,1945,17,BEST MOTION PICTURE,Metro-Goldwyn-Mayer,Gaslight,False
1944,1945,17,BEST MOTION PICTURE,Paramount,Going My Way,True
1944,1945,17,BEST MOTION PICTURE,Selznick International Pictures,Since You Went Away,False
1944,1945,17,BEST MOTION PICTURE,20th Century-Fox,Wilson,False
1945,1946,18,BEST MOTION PICTURE,Metro-Goldwyn-Mayer,Anchors Aweigh,False
1945,1946,18,BEST MOTION PICTURE,Rainbow Productions,The Bells of St. Mary's,False
1945,1946,18,BEST MOTION PICTURE,Paramount,The Lost Weekend,True
1945,1946,18,BEST MOTION PICTURE,Warner Bros.,Mildred Pierce,False
1945,1946,18,BEST MOTION PICTURE,Selznick International Pictures,Spellbound,False
1946,1947,19,BEST MOTION PICTURE,Samuel Goldwyn Productions,The Best Years of Our Lives,True
1946,1947,19,BEST MOTION PICTURE,J. Arthur Rank-Two Cities Films,Henry V,False
1946,1947,19,BEST MOTION PICTURE,Liberty Films,It's a Wonderful Life,False
1946,1947,19,BEST MOTION PICTURE,20th Century-Fox,The Razor's Edge,False
1946,1947,19,BEST MOTION PICTURE,Metro-Goldwyn-Mayer,The Yearling,False
1947,1948,20,BEST MOTION PICTURE,Samuel Goldwyn Productions,The Bishop's Wife,False
1947,1948,20,BEST MOTION PICTURE,RKO Radio,Crossfire,False
1947,1948,20,BEST MOTION PICTURE,20th Century-Fox,Gentleman's Agreement,True
1947,1948,20,BEST MOTION PICTURE,J. Arthur Rank-Cineguild,Great Expectations,False
1947,1948,20,BEST MOTION PICTURE,20th Century-Fox,Miracle on 34th Street,False
1948,1949,21,BEST MOTION PICTURE,J. Arthur Rank-Two Cities Films,Hamlet,True
1948,1949,21,BEST MOTION PICTURE,Warner Bros.,Johnny Belinda,False
1948,1949,21,BEST MOTION PICTURE,J. Arthur Rank-Archers,The Red Shoes,False
1948,1949,21,BEST MOTION PICTURE,20th Century-Fox,The Snake Pit,False
1948,1949,21,BEST MOTION PICTURE,Warner Bros.,The Treasure of the Sierra Madre,False
1949,1950,22,BEST MOTION PICTURE,Robert Rossen Productions,All the King's Men,True
1949,1950,22,BEST MOTION PICTURE,Metro-Goldwyn-Mayer,Battleground,False
1949,1950,22,BEST MOTION PICTURE,Paramount,The Heiress,False
1949,1950,22,BEST MOTION PICTURE,20th Century-Fox,A Letter to Three Wives,False
1949,1950,22,BEST MOTION PICTURE,20th Century-Fox,Twelve O'Clock High,False
1950,1951,23,BEST MOTION PICTURE,20th Century-Fox,All about Eve,True
1950,1951,23,BEST MOTION PICTURE,Columbia,Born Yesterday,False
1950,1951,23,BEST MOTION PICTURE,Metro-Goldwyn-Mayer,Father of the Bride,False
1950,1951,23,BEST MOTION PICTURE,Metro-Goldwyn-Mayer,King Solomon's Mines,False
1950,1951,23,BEST MOTION PICTURE,Paramount,Sunset Blvd.,False
1951,1952,24,BEST MOTION PICTURE,"Arthur Freed, Producer",An American in Paris,True
1951,1952,24,BEST MOTION PICTURE,"Anatole Litvak and Frank McCarthy, Producers",Decision before Dawn,False
1951,1952,24,BEST MOTION PICTURE,"George Stevens, Producer",A Place in the Sun,False
1951,1952,24,BEST MOTION PICTURE,"Sam Zimbalist, Producer",Quo Vadis,False
1951,1952,24,BEST MOTION PICTURE,"Charles K. Feldman, Producer",A Streetcar Named Desire,False
1952,1953,25,BEST MOTION PICTURE,"Cecil B. DeMille, Producer",The Greatest Show on Earth,True
1952,1953,25,BEST MOTION PICTURE,"Stanley Kramer, Producer",High Noon,False
1952,1953,25,BEST MOTION PICTURE,"Pandro S. Berman, Producer",Ivanhoe,False
1952,1953,25,BEST MOTION PICTURE,Romulus Films,Moulin Rouge,False
1952,1953,25,BEST MOTION PICTURE,"John Ford and Merian C. Cooper, Producers",The Quiet Man,False
1953,1954,26,BEST MOTION PICTURE,"Buddy Adler, Producer",From Here to Eternity,True
1953,1954,26,BEST MOTION PICTURE,"John Houseman, Producer",Julius Caesar,False
1953,1954,26,BEST MOTION PICTURE,"Frank Ross, Producer",The Robe,False
1953,1954,26,BEST MOTION PICTURE,"William Wyler, Producer",Roman Holiday,False
1953,1954,26,BEST MOTION PICTURE,"George Stevens, Producer",Shane,False
1954,1955,27,BEST MOTION PICTURE,"Stanley Kramer, Producer",The Caine Mutiny,False
1954,1955,27,BEST MOTION PICTURE,"William Perlberg, Producer",The Country Girl,False
1954,1955,27,BEST MOTION PICTURE,"Sam Spiegel, Producer",On the Waterfront,True
1954,1955,27,BEST MOTION PICTURE,"Jack Cummings, Producer",Seven Brides for Seven Brothers,False
1954,1955,27,BEST MOTION PICTURE,"Sol C. Siegel, Producer",Three Coins in the Fountain,False
1955,1956,28,BEST MOTION PICTURE,"Buddy Adler, Producer",Love Is a Many-Splendored Thing,False
1955,1956,28,BEST MOTION PICTURE,"Harold Hecht, Producer",Marty,True
1955,1956,28,BEST MOTION PICTURE,"Leland Hayward, Producer",Mister Roberts,False
1955,1956,28,BEST MOTION PICTURE,"Fred Kohlmar, Producer",Picnic,False
1955,1956,28,BEST MOTION PICTURE,"Hal B. Wallis, Producer",The Rose Tattoo,False
1956,1957,29,BEST MOTION PICTURE,"Michael Todd, Producer",Around the World in 80 Days,True
1956,1957,29,BEST MOTION PICTURE,"William Wyler, Producer",Friendly Persuasion,False
1956,1957,29,BEST MOTION PICTURE,"George Stevens and Henry Ginsberg, Producers",Giant,False
1956,1957,29,BEST MOTION PICTURE,"Charles Brackett, Producer",The King and I,False
1956,1957,29,BEST MOTION PICTURE,"Cecil B. DeMille, Producer",The Ten Commandments,False
1957,1958,30,BEST MOTION PICTURE,"Sam Spiegel, Producer",The Bridge on the River Kwai,True
1957,1958,30,BEST MOTION PICTURE,"Jerry Wald, Producer",Peyton Place,False
1957,1958,30,BEST MOTION PICTURE,"William Goetz, Producer",Sayonara,False
1957,1958,30,BEST MOTION PICTURE,"Henry Fonda and Reginald Rose, Producers",12 Angry Men,False
1957,1958,30,BEST MOTION PICTURE,"Arthur Hornblow, Jr., Producer",Witness for the Prosecution,False
1958,1959,31,BEST MOTION PICTURE,Warner Bros.,Auntie Mame,False
1958,1959,31,BEST MOTION PICTURE,"Lawrence Weingarten, Producer",Cat on a Hot Tin Roof,False
1958,1959,31,BEST MOTION PICTURE,"Stanley Kramer, Producer",The Defiant Ones,False
1958,1959,31,BEST MOTION PICTURE,"Arthur Freed, Producer",Gigi,True
1958,1959,31,BEST MOTION PICTURE,"Harold Hecht, Producer",Separate Tables,False
1959,1960,32,BEST MOTION PICTURE,"Otto Preminger, Producer",Anatomy of a Murder,False
1959,1960,32,BEST MOTION PICTURE,"Sam Zimbalist, Producer",Ben-Hur,True
1959,1960,32,BEST MOTION PICTURE,"George Stevens, Producer",The Diary of Anne Frank,False
1959,1960,32,BEST MOTION PICTURE,"Henry Blanke, Producer",The Nun's Story,False
1959,1960,32,BEST MOTION PICTURE,"John Woolf and James Woolf, Producers",Room at the Top,False
1960,1961,33,BEST MOTION PICTURE,"John Wayne, Producer",The Alamo,False
1960,1961,33,BEST MOTION PICTURE,"Billy Wilder, Producer",The Apartment,True
1960,1961,33,BEST MOTION PICTURE,"Bernard Smith, Producer",Elmer Gantry,False
1960,1961,33,BEST MOTION PICTURE,"Jerry Wald, Producer",Sons and Lovers,False
1960,1961,33,BEST MOTION PICTURE,"Fred Zinnemann, Producer",The Sundowners,False
1961,1962,34,BEST MOTION PICTURE,"Joshua Logan, Producer",Fanny,False
1961,1962,34,BEST MOTION PICTURE,"Carl Foreman, Producer",The Guns of Navarone,False
1961,1962,34,BEST MOTION PICTURE,"Robert Rossen, Producer",The Hustler,False
1961,1962,34,BEST MOTION PICTURE,"Stanley Kramer, Producer",Judgment at Nuremberg,False
1961,1962,34,BEST MOTION PICTURE,"Robert Wise, Producer",West Side Story,True
1962,1963,35,BEST PICTURE,"Sam Spiegel, Producer",Lawrence of Arabia,True
1962,1963,35,BEST PICTURE,"Darryl F. Zanuck, Producer",The Longest Day,False
1962,1963,35,BEST PICTURE,"Morton Da Costa, Producer",Meredith Willson's The Music Man,False
1962,1963,35,BEST PICTURE,"Aaron Rosenberg, Producer",Mutiny on the Bounty,False
1962,1963,35,BEST PICTURE,"Alan J. Pakula, Producer",To Kill a Mockingbird,False
1963,1964,36,BEST PICTURE,"Elia Kazan, Producer",America America,False
1963,1964,36,BEST PICTURE,"Walter Wanger, Producer",Cleopatra,False
1963,1964,36,BEST PICTURE,"Bernard Smith, Producer",How the West Was Won,False
1963,1964,36,BEST PICTURE,"Ralph Nelson, Producer",Lilies of the Field,False
1963,1964,36,BEST PICTURE,"Tony Richardson, Producer",Tom Jones,True
1964,1965,37,BEST PICTURE,"Hal B. Wallis, Producer",Becket,False
1964,1965,37,BEST PICTURE,"Stanley Kubrick, Producer",Dr. Strangelove or: How I Learned to Stop Worrying and Love the Bomb,False
1964,1965,37,BEST PICTURE,"Walt Disney and Bill Walsh, Producers",Mary Poppins,False
1964,1965,37,BEST PICTURE,"Jack L. Warner, Producer",My Fair Lady,True
1964,1965,37,BEST PICTURE,"Michael Cacoyannis, Producer",Zorba the Greek,False
1965,1966,38,BEST PICTURE,"Joseph Janni, Producer",Darling,False
1965,1966,38,BEST PICTURE,"Carlo Ponti, Producer",Doctor Zhivago,False
1965,1966,38,BEST PICTURE,"Stanley Kramer, Producer",Ship of Fools,False
1965,1966,38,BEST PICTURE,"Robert Wise, Producer",The Sound of Music,True
1965,1966,38,BEST PICTURE,"Fred Coe, Producer",A Thousand Clowns,False
1966,1967,39,BEST PICTURE,"Lewis Gilbert, Producer",Alfie,False
1966,1967,39,BEST PICTURE,"Fred Zinnemann, Producer",A Man for All Seasons,True
1966,1967,39,BEST PICTURE,"Norman Jewison, Producer",The Russians Are Coming The Russians Are Coming,False
1966,1967,39,BEST PICTURE,"Robert Wise, Producer",The Sand Pebbles,False
1966,1967,39,BEST PICTURE,"Ernest Lehman, Producer",Who's Afraid of Virginia Woolf?,False
1967,1968,40,BEST PICTURE,"Warren Beatty, Producer",Bonnie and Clyde,False
1967,1968,40,BEST PICTURE,"Arthur P. Jacobs, Producer",Doctor Dolittle,False
1967,1968,40,BEST PICTURE,"Lawrence Turman, Producer",The Graduate,False
1967,1968,40,BEST PICTURE,"Stanley Kramer, Producer",Guess Who's Coming to Dinner,False
1967,1968,40,BEST PICTURE,"Walter Mirisch, Producer",In the Heat of the Night,True
1968,1969,41,BEST PICTURE,"Ray Stark, Producer",Funny Girl,False
1968,1969,41,BEST PICTURE,"Martin Poll, Producer",The Lion in Winter,False
1968,1969,41,BEST PICTURE,"John Woolf, Producer",Oliver!,True
1968,1969,41,BEST PICTURE,"Paul Newman, Producer","Rachel, Rachel",False
1968,1969,41,BEST PICTURE,"Anthony Havelock-Allan and John Brabourne, Producers",Romeo and Juliet,False
1969,1970,42,BEST PICTURE,"Hal B. Wallis, Producer",Anne of the Thousand Days,False
1969,1970,42,BEST PICTURE,"John Foreman, Producer",Butch Cassidy and the Sundance Kid,False
1969,1970,42,BEST PICTURE,"Ernest Lehman, Producer","Hello, Dolly!",False
1969,1970,42,BEST PICTURE,"Jerome Hellman, Producer",Midnight Cowboy,True
1969,1970,42,BEST PICTURE,"Jacques Perrin and Hamed Rachedi, Producers",Z,False
1970,1971,43,BEST PICTURE,"Ross Hunter, Producer",Airport,False
1970,1971,43,BEST PICTURE,"Bob Rafelson and Richard Wechsler, Producers",Five Easy Pieces,False
1970,1971,43,BEST PICTURE,"Howard G. Minsky, Producer",Love Story,False
1970,1971,43,BEST PICTURE,"Ingo Preminger, Producer",M*A*S*H,False
1970,1971,43,BEST PICTURE,"Frank McCarthy, Producer",Patton,True
1971,1972,44,BEST PICTURE,"Stanley Kubrick, Producer",A Clockwork Orange,False
1971,1972,44,BEST PICTURE,"Norman Jewison, Producer",Fiddler on the Roof,False
1971,1972,44,BEST PICTURE,"Philip D'Antoni, Producer",The French Connection,True
1971,1972,44,BEST PICTURE,"Stephen J. Friedman, Producer",The Last Picture Show,False
1971,1972,44,BEST PICTURE,"Sam Spiegel, Producer",Nicholas and Alexandra,False
1972,1973,45,BEST PICTURE,"Cy Feuer, Producer",Cabaret,False
1972,1973,45,BEST PICTURE,"John Boorman, Producer",Deliverance,False
1972,1973,45,BEST PICTURE,"Bengt Forslund, Producer",The Emigrants,False
1972,1973,45,BEST PICTURE,"Albert S. Ruddy, Producer",The Godfather,True
1972,1973,45,BEST PICTURE,"Robert B. Radnitz, Producer",Sounder,False
1973,1974,46,BEST PICTURE,"Francis Ford Coppola, Producer;  Gary Kurtz, Co-Producer",American Graffiti,False
1973,1974,46,BEST PICTURE,"Ingmar Bergman, Producer",Cries and Whispers,False
1973,1974,46,BEST PICTURE,"William Peter Blatty, Producer",The Exorcist,False
1973,1974,46,BEST PICTURE,"Tony Bill, Michael Phillips and Julia Phillips, Producers",The Sting,True
1973,1974,46,BEST PICTURE,"Melvin Frank, Producer",A Touch of Class,False
1974,1975,47,BEST PICTURE,"Robert Evans, Producer",Chinatown,False
1974,1975,47,BEST PICTURE,"Francis Ford Coppola, Producer;  Fred Roos, Co-Producer",The Conversation,False
1974,1975,47,BEST PICTURE,"Francis Ford Coppola, Producer;  Gray Frederickson and Fred Roos, Co-Producers",The Godfather Part II,True
1974,1975,47,BEST PICTURE,"Marvin Worth, Producer",Lenny,False
1974,1975,47,BEST PICTURE,"Irwin Allen, Producer",The Towering Inferno,False
1975,1976,48,BEST PICTURE,"Stanley Kubrick, Producer",Barry Lyndon,False
1975,1976,48,BEST PICTURE,"Martin Bregman and Martin Elfand, Producers",Dog Day Afternoon,False
1975,1976,48,BEST PICTURE,"Richard D. Zanuck and David Brown, Producers",Jaws,False
1975,1976,48,BEST PICTURE,"Robert Altman, Producer",Nashville,False
1975,1976,48,BEST PICTURE,"Saul Zaentz and Michael Douglas, Producers",One Flew over the Cuckoo's Nest,True
1976,1977,49,BEST PICTURE,"Walter Coblenz, Producer",All the President's Men,False
1976,1977,49,BEST PICTURE,"Robert F. Blumofe and Harold Leventhal, Producers",Bound for Glory,False
1976,1977,49,BEST PICTURE,"Howard Gottfried, Producer",Network,False
1976,1977,49,BEST PICTURE,"Irwin Winkler and Robert Chartoff, Producers",Rocky,True
1976,1977,49,BEST PICTURE,"Michael Phillips and Julia Phillips, Producers",Taxi Driver,False
1977,1978,50,BEST PICTURE,"Charles H. Joffe, Producer",Annie Hall,True
1977,1978,50,BEST PICTURE,"Ray Stark, Producer",The Goodbye Girl,False
1977,1978,50,BEST PICTURE,"Richard Roth, Producer",Julia,False
1977,1978,50,BEST PICTURE,"Gary Kurtz, Producer",Star Wars,False
1977,1978,50,BEST PICTURE,"Herbert Ross and Arthur Laurents, Producers",The Turning Point,False
1978,1979,51,BEST PICTURE,"Jerome Hellman, Producer",Coming Home,False
1978,1979,51,BEST PICTURE,"Barry Spikings, Michael Deeley, Michael Cimino and John Peverall, Producers",The Deer Hunter,True
1978,1979,51,BEST PICTURE,"Warren Beatty, Producer",Heaven Can Wait,False
1978,1979,51,BEST PICTURE,"Alan Marshall and David Puttnam, Producers",Midnight Express,False
1978,1979,51,BEST PICTURE,"Paul Mazursky and Tony Ray, Producers",An Unmarried Woman,False
1979,1980,52,BEST PICTURE,"Robert Alan Aurthur, Producer",All That Jazz,False
1979,1980,52,BEST PICTURE,"Francis Coppola, Producer;  Fred Roos, Gray Frederickson and Tom Sternberg, Co-Producers",Apocalypse Now,False
1979,1980,52,BEST PICTURE,"Peter Yates, Producer",Breaking Away,False
1979,1980,52,BEST PICTURE,"Stanley R. Jaffe, Producer",Kramer vs. Kramer,True
1979,1980,52,BEST PICTURE,"Tamara Asseyev and Alex Rose, Producers",Norma Rae,False
1980,1981,53,BEST PICTURE,"Bernard Schwartz, Producer",Coal Miner's Daughter,False
1980,1981,53,BEST PICTURE,"Jonathan Sanger, Producer",The Elephant Man,False
1980,1981,53,BEST PICTURE,"Ronald L. Schwary, Producer",Ordinary People,True
1980,1981,53,BEST PICTURE,"Irwin Winkler and Robert Chartoff, Producers",Raging Bull,False
1980,1981,53,BEST PICTURE,"Claude Berri, Producer;  Timothy Burrill, Co-Producer",Tess,False
1981,1982,54,BEST PICTURE,"Denis Heroux and John Kemeny, Producers",Atlantic City,False
1981,1982,54,BEST PICTURE,"David Puttnam, Producer",Chariots of Fire,True
1981,1982,54,BEST PICTURE,"Bruce Gilbert, Producer",On Golden Pond,False
1981,1982,54,BEST PICTURE,"Frank Marshall, Producer",Raiders of the Lost Ark,False
1981,1982,54,BEST PICTURE,"Warren Beatty, Producer",Reds,False
1982,1983,55,BEST PICTURE,"Steven Spielberg and Kathleen Kennedy, Producers",E.T. The Extra-Terrestrial,False
1982,1983,55,BEST PICTURE,"Richard Attenborough, Producer",Gandhi,True
1982,1983,55,BEST PICTURE,"Edward Lewis and Mildred Lewis, Producers",Missing,False
1982,1983,55,BEST PICTURE,"Sydney Pollack and Dick Richards, Producers",Tootsie,False
1982,1983,55,BEST PICTURE,"Richard D. Zanuck and David Brown, Producers",The Verdict,False
1983,1984,56,BEST PICTURE,"Michael Shamberg, Producer",The Big Chill,False
1983,1984,56,BEST PICTURE,"Peter Yates, Producer",The Dresser,False
1983,1984,56,BEST PICTURE,"Irwin Winkler and Robert Chartoff, Producers",The Right Stuff,False
1983,1984,56,BEST PICTURE,"Philip S. Hobel, Producer",Tender Mercies,False
1983,1984,56,BEST PICTURE,"James L. Brooks, Producer",Terms of Endearment,True
1984,1985,57,BEST PICTURE,"Saul Zaentz, Producer",Amadeus,True
1984,1985,57,BEST PICTURE,"David Puttnam, Producer",The Killing Fields,False
1984,1985,57,BEST PICTURE,"John Brabourne and Richard Goodwin, Producers",A Passage to India,False
1984,1985,57,BEST PICTURE,"Arlene Donovan, Producer",Places in the Heart,False
1984,1985,57,BEST PICTURE,"Norman Jewison, Ronald L. Schwary and Patrick Palmer, Producers",A Soldier's Story,False
1985,1986,58,BEST PICTURE,"Steven Spielberg, Kathleen Kennedy, Frank Marshall and Quincy Jones, Producers",The Color Purple,False
1985,1986,58,BEST PICTURE,"David Weisman, Producer",Kiss of the Spider Woman,False
1985,1986,58,BEST PICTURE,"Sydney Pollack, Producer",Out of Africa,True
1985,1986,58,BEST PICTURE,"John Foreman, Producer",Prizzi's Honor,False
1985,1986,58,BEST PICTURE,"Edward S. Feldman, Producer",Witness,False
1986,1987,59,BEST PICTURE,"Burt Sugarman and Patrick Palmer, Producers",Children of a Lesser God,False
1986,1987,59,BEST PICTURE,"Robert Greenhut, Producer",Hannah and Her Sisters,False
1986,1987,59,BEST PICTURE,"Fernando Ghia and David Puttnam, Producers",The Mission,False
1986,1987,59,BEST PICTURE,"Arnold Kopelson, Producer",Platoon,True
1986,1987,59,BEST PICTURE,"Ismail Merchant, Producer",A Room with a View,False
1987,1988,60,BEST PICTURE,"James L. Brooks, Producer",Broadcast News,False
1987,1988,60,BEST PICTURE,"Stanley R. Jaffe and Sherry Lansing, Producers",Fatal Attraction,False
1987,1988,60,BEST PICTURE,"John Boorman, Producer",Hope and Glory,False
1987,1988,60,BEST PICTURE,"Jeremy Thomas, Producer",The Last Emperor,True
1987,1988,60,BEST PICTURE,"Patrick Palmer and Norman Jewison, Producers",Moonstruck,False
1988,1989,61,BEST PICTURE,"Lawrence Kasdan, Charles Okun and Michael Grillo, Producers",The Accidental Tourist,False
1988,1989,61,BEST PICTURE,"Norma Heyman and Hank Moonjean, Producers",Dangerous Liaisons,False
1988,1989,61,BEST PICTURE,"Frederick Zollo and Robert F. Colesberry, Producers",Mississippi Burning,False
1988,1989,61,BEST PICTURE,"Mark Johnson, Producer",Rain Man,True
1988,1989,61,BEST PICTURE,"Douglas Wick, Producer",Working Girl,False
1989,1990,62,BEST PICTURE,"A. Kitman Ho and Oliver Stone, Producers",Born on the Fourth of July,False
1989,1990,62,BEST PICTURE,"Steven Haft, Paul Junger Witt and Tony Thomas, Producers",Dead Poets Society,False
1989,1990,62,BEST PICTURE,"Richard D. Zanuck and Lili Fini Zanuck, Producers",Driving Miss Daisy,True
1989,1990,62,BEST PICTURE,"Lawrence Gordon and Charles Gordon, Producers",Field of Dreams,False
1989,1990,62,BEST PICTURE,"Noel Pearson, Producer",My Left Foot,False
1990,1991,63,BEST PICTURE,"Walter F. Parkes and Lawrence Lasker, Producers",Awakenings,False
1990,1991,63,BEST PICTURE,"Jim Wilson and Kevin Costner, Producers",Dances With Wolves,True
1990,1991,63,BEST PICTURE,"Lisa Weinstein, Producer",Ghost,False
1990,1991,63,BEST PICTURE,"Francis Ford Coppola, Producer","The Godfather, Part III",False
1990,1991,63,BEST PICTURE,"Irwin Winkler, Producer",Good Fellas,False
1991,1992,64,BEST PICTURE,"Don Hahn, Producer",Beauty and the Beast,False
1991,1992,64,BEST PICTURE,"Mark Johnson, Barry Levinson and Warren Beatty, Producers",Bugsy,False
1991,1992,64,BEST PICTURE,"A. Kitman Ho and Oliver Stone, Producers",JFK,False
1991,1992,64,BEST PICTURE,"Barbra Streisand and Andrew Karsch, Producers",The Prince of Tides,False
1991,1992,64,BEST PICTURE,"Edward Saxon, Kenneth Utt and Ron Bozman, Producers",The Silence of the Lambs,True
1992,1993,65,BEST PICTURE,"Stephen Woolley, Producer",The Crying Game,False
1992,1993,65,BEST PICTURE,"David Brown, Rob Reiner and Andrew Scheinman, Producers",A Few Good Men,False
1992,1993,65,BEST PICTURE,"Ismail Merchant, Producer",Howards End,False
1992,1993,65,BEST PICTURE,"Martin Brest, Producer",Scent of a Woman,False
1992,1993,65,BEST PICTURE,"Clint Eastwood, Producer",Unforgiven,True
1993,1994,66,BEST PICTURE,"Arnold Kopelson, Producer",The Fugitive,False
1993,1994,66,BEST PICTURE,"Jim Sheridan, Producer",In the Name of the Father,False
1993,1994,66,BEST PICTURE,"Jan Chapman, Producer",The Piano,False
1993,1994,66,BEST PICTURE,"Mike Nichols, John Calley and Ismail Merchant, Producers",The Remains of the Day,False
1993,1994,66,BEST PICTURE,"Steven Spielberg, Gerald R. Molen and Branko Lustig, Producers",Schindler's List,True
1994,1995,67,BEST PICTURE,"Wendy Finerman, Steve Tisch and Steve Starkey, Producers",Forrest Gump,True
1994,1995,67,BEST PICTURE,"Duncan Kenworthy, Producer",Four Weddings and a Funeral,False
1994,1995,67,BEST PICTURE,"Lawrence Bender, Producer",Pulp Fiction,False
1994,1995,67,BEST PICTURE,"Robert Redford, Michael Jacobs, Julian Krainin and Michael Nozik, Producers",Quiz Show,False
1994,1995,67,BEST PICTURE,"Niki Marvin, Producer",The Shawshank Redemption,False
1995,1996,68,BEST PICTURE,"Brian Grazer, Producer",Apollo 13,False
1995,1996,68,BEST PICTURE,"George Miller, Doug Mitchell and Bill Miller, Producers",Babe,False
1995,1996,68,BEST PICTURE,"Mel Gibson, Alan Ladd, Jr. and Bruce Davey, Producers",Braveheart,True
1995,1996,68,BEST PICTURE,"Mario Cecchi Gori, Vittorio Cecchi Gori and Gaetano Daniele, Producers",The Postman (Il Postino),False
1995,1996,68,BEST PICTURE,"Lindsay Doran, Producer",Sense and Sensibility,False
1996,1997,69,BEST PICTURE,"Saul Zaentz, Producer",The English Patient,True
1996,1997,69,BEST PICTURE,"Ethan Coen, Producer",Fargo,False
1996,1997,69,BEST PICTURE,"James L. Brooks, Laurence Mark, Richard Sakai and Cameron Crowe, Producers",Jerry Maguire,False
1996,1997,69,BEST PICTURE,"Simon Channing-Williams, Producer",Secrets & Lies,False
1996,1997,69,BEST PICTURE,"Jane Scott, Producer",Shine,False
1997,1998,70,BEST PICTURE,"James L. Brooks, Bridget Johnson and Kristi Zea, Producers",As Good as It Gets,False
1997,1998,70,BEST PICTURE,"Uberto Pasolini, Producer",The Full Monty,False
1997,1998,70,BEST PICTURE,"Lawrence Bender, Producer",Good Will Hunting,False
1997,1998,70,BEST PICTURE,"Arnon Milchan, Curtis Hanson and Michael Nathanson, Producers",L.A. Confidential,False
1997,1998,70,BEST PICTURE,"James Cameron and Jon Landau, Producers",Titanic,True
1998,1999,71,BEST PICTURE,"Alison Owen, Eric Fellner and Tim Bevan, Producers",Elizabeth,False
1998,1999,71,BEST PICTURE,"Elda Ferri and Gianluigi Braschi, Producers",Life Is Beautiful,False
1998,1999,71,BEST PICTURE,"Steven Spielberg, Ian Bryce, Mark Gordon and Gary Levinsohn, Producers",Saving Private Ryan,False
1998,1999,71,BEST PICTURE,"David Parfitt, Donna Gigliotti, Harvey Weinstein, Edward Zwick and Marc Norman, Producers",Shakespeare in Love,True
1998,1999,71,BEST PICTURE,"Robert Michael Geisler, John Roberdeau and Grant Hill, Producers",The Thin Red Line,False
1999,2000,72,BEST PICTURE,"Bruce Cohen and Dan Jinks, Producers",American Beauty,True
1999,2000,72,BEST PICTURE,"Richard N. Gladstein, Producer",The Cider House Rules,False
1999,2000,72,BEST PICTURE,"David Valdes and Frank Darabont, Producers",The Green Mile,False
1999,2000,72,BEST PICTURE,"Michael Mann and Pieter Jan Brugge, Producers",The Insider,False
1999,2000,72,BEST PICTURE,"Frank Marshall, Kathleen Kennedy and Barry Mendel, Producers",The Sixth Sense,False
2000,2001,73,BEST PICTURE,"David Brown, Kit Golden and Leslie Holleran, Producers",Chocolat,False
2000,2001,73,BEST PICTURE,"Bill Kong, Hsu Li Kong and Ang Lee, Producers","Crouching Tiger, Hidden Dragon",False
2000,2001,73,BEST PICTURE,"Danny DeVito, Michael Shamberg and Stacey Sher, Producers",Erin Brockovich,False
2000,2001,73,BEST PICTURE,"Douglas Wick, David Franzoni and Branko Lustig, Producers",Gladiator,True
2000,2001,73,BEST PICTURE,"Edward Zwick, Marshall Herskovitz and Laura Bickford, Producers",Traffic,False
2001,2002,74,BEST PICTURE,"Brian Grazer and Ron Howard, Producers",A Beautiful Mind,True
2001,2002,74,BEST PICTURE,"Robert Altman, Bob Balaban and David Levy, Producers",Gosford Park,False
2001,2002,74,BEST PICTURE,"Graham Leader, Ross Katz and Todd Field, Producers",In the Bedroom,False
2001,2002,74,BEST PICTURE,"Peter Jackson, Fran Walsh and Barrie M. Osborne, Producers",The Lord of the Rings: The Fellowship of the Ring,False
2001,2002,74,BEST PICTURE,"Martin Brown, Baz Luhrmann and Fred Baron, Producers",Moulin Rouge,False
2002,2003,75,BEST PICTURE,"Martin Richards, Producer",Chicago,True
2002,2003,75,BEST PICTURE,"Alberto Grimaldi and Harvey Weinstein, Producers",Gangs of New York,False
2002,2003,75,BEST PICTURE,"Scott Rudin and Robert Fox, Producers",The Hours,False
2002,2003,75,BEST PICTURE,"Barrie M. Osborne, Fran Walsh and Peter Jackson, Producers",The Lord of the Rings: The Two Towers,False
2002,2003,75,BEST PICTURE,"Roman Polanski, Robert Benmussa and Alain Sarde, Producers",The Pianist,False
2003,2004,76,BEST PICTURE,"Barrie M. Osborne, Peter Jackson and Fran Walsh, Producers",The Lord of the Rings: The Return of the King,True
2003,2004,76,BEST PICTURE,"Ross Katz and Sofia Coppola, Producers",Lost in Translation,False
2003,2004,76,BEST PICTURE,"Samuel Goldwyn, Jr., Peter Weir and Duncan Henderson, Producers",Master and Commander: The Far Side of the World,False
2003,2004,76,BEST PICTURE,"Robert Lorenz, Judie G. Hoyt and Clint Eastwood, Producers",Mystic River,False
2003,2004,76,BEST PICTURE,"Kathleen Kennedy, Frank Marshall and Gary Ross, Producers",Seabiscuit,False
2004,2005,77,BEST PICTURE,"Michael Mann and Graham King, Producers",The Aviator,False
2004,2005,77,BEST PICTURE,"Richard N. Gladstein and Nellie Bellflower, Producers",Finding Neverland,False
2004,2005,77,BEST PICTURE,"Clint Eastwood, Albert S. Ruddy and Tom Rosenberg, Producers",Million Dollar Baby,True
2004,2005,77,BEST PICTURE,"Taylor Hackford, Stuart Benjamin and Howard Baldwin, Producers",Ray,False
2004,2005,77,BEST PICTURE,"Michael London, Producer",Sideways,False
2005,2006,78,BEST PICTURE,"Diana Ossana and James Schamus, Producers",Brokeback Mountain,False
2005,2006,78,BEST PICTURE,"Caroline Baron, William Vince and Michael Ohoven, Producers",Capote,False
2005,2006,78,BEST PICTURE,"Paul Haggis and Cathy Schulman, Producers",Crash,True
2005,2006,78,BEST PICTURE,"Grant Heslov, Producer","Good Night, and Good Luck.",False
2005,2006,78,BEST PICTURE,"Kathleen Kennedy, Steven Spielberg and Barry Mendel, Producers",Munich,False
2006,2007,79,BEST PICTURE,"Alejandro González Iñárritu, Jon Kilik and Steve Golin, Producers",Babel,False
2006,2007,79,BEST PICTURE,"Graham King, Producer",The Departed,True
2006,2007,79,BEST PICTURE,"Clint Eastwood, Steven Spielberg and Robert Lorenz, Producers",Letters from Iwo Jima,False
2006,2007,79,BEST PICTURE,"David T. Friendly, Peter Saraf and Marc Turtletaub, Producers",Little Miss Sunshine,False
2006,2007,79,BEST PICTURE,"Andy Harries, Christine Langan and Tracey Seaward, Producers",The Queen,False
2007,2008,80,BEST PICTURE,"Tim Bevan, Eric Fellner and Paul Webster, Producers",Atonement,False
2007,2008,80,BEST PICTURE,"Lianne Halfon, Mason Novick and Russell Smith, Producers",Juno,False
2007,2008,80,BEST PICTURE,"Sydney Pollack, Jennifer Fox and Kerry Orent, Producers",Michael Clayton,False
2007,2008,80,BEST PICTURE,"Scott Rudin, Ethan Coen and Joel Coen, Producers",No Country for Old Men,True
2007,2008,80,BEST PICTURE,"JoAnne Sellar, Paul Thomas Anderson and Daniel Lupi, Producers",There Will Be Blood,False
2008,2009,81,BEST PICTURE,"Kathleen Kennedy, Frank Marshall and Ceán Chaffin, Producers",The Curious Case of Benjamin Button,False
2008,2009,81,BEST PICTURE,"Brian Grazer, Ron Howard and Eric Fellner, Producers",Frost/Nixon,False
2008,2009,81,BEST PICTURE,"Dan Jinks and Bruce Cohen, Producers",Milk,False
2008,2009,81,BEST PICTURE,"Anthony Minghella, Sydney Pollack, Donna Gigliotti and Redmond Morris, Producers",The Reader,False
2008,2009,81,BEST PICTURE,"Christian Colson, Producer",Slumdog Millionaire,True
2009,2010,82,BEST PICTURE,"James Cameron and Jon Landau, Producers",Avatar,False
2009,2010,82,BEST PICTURE,"Gil Netter, Andrew A. Kosove and Broderick Johnson, Producers",The Blind Side,False
2009,2010,82,BEST PICTURE,"Peter Jackson and Carolynne Cunningham, Producers",District 9,False
2009,2010,82,BEST PICTURE,"Finola Dwyer and Amanda Posey, Producers",An Education,False
2009,2010,82,BEST PICTURE,"Kathryn Bigelow, Mark Boal, Nicolas Chartier and Greg Shapiro, Producers",The Hurt Locker,True
2009,2010,82,BEST PICTURE,"Lawrence Bender, Producer",Inglourious Basterds,False
2009,2010,82,BEST PICTURE,"Lee Daniels, Sarah Siegel-Magness and Gary Magness, Producers",Precious: Based on the Novel 'Push' by Sapphire,False
2009,2010,82,BEST PICTURE,"Joel Coen and Ethan Coen, Producers",A Serious Man,False
2009,2010,82,BEST PICTURE,"Jonas Rivera, Producer",Up,False
2009,2010,82,BEST PICTURE,"Daniel Dubiecki, Ivan Reitman and Jason Reitman, Producers",Up in the Air,False
2010,2011,83,BEST PICTURE,"Mike Medavoy, Brian Oliver and Scott Franklin, Producers",Black Swan,False
2010,2011,83,BEST PICTURE,"David Hoberman, Todd Lieberman and Mark Wahlberg, Producers",The Fighter,False
2010,2011,83,BEST PICTURE,"Emma Thomas and Christopher Nolan, Producers",Inception,False
2010,2011,83,BEST PICTURE,"Gary Gilbert, Jeffrey Levy-Hinte and Celine Rattray, Producers",The Kids Are All Right,False
2010,2011,83,BEST PICTURE,"Iain Canning, Emile Sherman and Gareth Unwin, Producers",The King's Speech,True
2010,2011,83,BEST PICTURE,"Christian Colson, Danny Boyle and John Smithson, Producers",127 Hours,False
2010,2011,83,BEST PICTURE,"Scott Rudin, Dana Brunetti, Michael De Luca and Ceán Chaffin, Producers",The Social Network,False
2010,2011,83,BEST PICTURE,"Darla K. Anderson, Producer",Toy Story 3,False
2010,2011,83,BEST PICTURE,"Scott Rudin, Ethan Coen and Joel Coen, Producers",True Grit,False
2010,2011,83,BEST PICTURE,"Anne Rosellini and Alix Madigan-Yorkin, Producers",Winter's Bone,False
2011,2012,84,BEST PICTURE,"Thomas Langmann, Producer",The Artist,True
2011,2012,84,BEST PICTURE,"Jim Burke, Alexander Payne and Jim Taylor, Producers",The Descendants,False
2011,2012,84,BEST PICTURE,"Scott Rudin, Producer",Extremely Loud & Incredibly Close,False
2011,2012,84,BEST PICTURE,"Brunson Green, Chris Columbus and Michael Barnathan, Producers",The Help,False
2011,2012,84,BEST PICTURE,"Graham King and Martin Scorsese, Producers",Hugo,False
2011,2012,84,BEST PICTURE,"Letty Aronson and Stephen Tenenbaum, Producers",Midnight in Paris,False
2011,2012,84,BEST PICTURE,"Michael De Luca, Rachael Horovitz and Brad Pitt, Producers",Moneyball,False
2011,2012,84,BEST PICTURE,"Sarah Green, Bill Pohlad, Dede Gardner and Grant Hill, Producers",The Tree of Life,False
2011,2012,84,BEST PICTURE,"Steven Spielberg and Kathleen Kennedy, Producers",War Horse,False
2012,2013,85,BEST PICTURE,"Margaret Menegoz, Stefan Arndt, Veit Heiduschka and Michael Katz, Producers",Amour,False
2012,2013,85,BEST PICTURE,"Grant Heslov, Ben Affleck and George Clooney, Producers",Argo,True
2012,2013,85,BEST PICTURE,"Dan Janvey, Josh Penn and Michael Gottwald, Producers",Beasts of the Southern Wild,False
2012,2013,85,BEST PICTURE,"Stacey Sher, Reginald Hudlin and Pilar Savone, Producers",Django Unchained,False
2012,2013,85,BEST PICTURE,"Tim Bevan, Eric Fellner, Debra Hayward and Cameron Mackintosh, Producers",Les Misérables,False
2012,2013,85,BEST PICTURE,"Gil Netter, Ang Lee and David Womark, Producers",Life of Pi,False
2012,2013,85,BEST PICTURE,"Steven Spielberg and Kathleen Kennedy, Producers",Lincoln,False
2012,2013,85,BEST PICTURE,"Donna Gigliotti, Bruce Cohen and Jonathan Gordon, Producers",Silver Linings Playbook,False
2012,2013,85,BEST PICTURE,"Mark Boal, Kathryn Bigelow and Megan Ellison, Producers",Zero Dark Thirty,False
2013,2014,86,BEST PICTURE,"Charles Roven, Richard Suckle, Megan Ellison and Jonathan Gordon, Producers",American Hustle,False
2013,2014,86,BEST PICTURE,"Scott Rudin, Dana Brunetti and Michael De Luca, Producers",Captain Phillips,False
2013,2014,86,BEST PICTURE,"Robbie Brenner and Rachel Winter, Producers",Dallas Buyers Club,False
2013,2014,86,BEST PICTURE,"Alfonso Cuarón and David Heyman, Producers",Gravity,False
2013,2014,86,BEST PICTURE,"Megan Ellison, Spike Jonze and Vincent Landay, Producers",Her,False
2013,2014,86,BEST PICTURE,"Albert Berger and Ron Yerxa, Producers",Nebraska,False
2013,2014,86,BEST PICTURE,"Gabrielle Tana, Steve Coogan and Tracey Seaward, Producers",Philomena,False
2013,2014,86,BEST PICTURE,"Brad Pitt, Dede Gardner, Jeremy Kleiner, Steve McQueen and Anthony Katagas, Producers",12 Years a Slave,True
2013,2014,86,BEST PICTURE,"Martin Scorsese, Leonardo DiCaprio, Joey McFarland and Emma Tillinger Koskoff, Producers",The Wolf of Wall Street,False
2014,2015,87,BEST PICTURE,"Clint Eastwood, Robert Lorenz, Andrew Lazar, Bradley Cooper and Peter Morgan, Producers",American Sniper,False
2014,2015,87,BEST PICTURE,"Alejandro G. Iñárritu, John Lesher and James W. Skotchdopole, Producers",Birdman or (The Unexpected Virtue of Ignorance),True
2014,2015,87,BEST PICTURE,"Richard Linklater and Cathleen Sutherland, Producers",Boyhood,False
2014,2015,87,BEST PICTURE,"Wes Anderson, Scott Rudin, Steven Rales and Jeremy Dawson, Producers",The Grand Budapest Hotel,False
2014,2015,87,BEST PICTURE,"Nora Grossman, Ido Ostrowsky and Teddy Schwarzman, Producers",The Imitation Game,False
2014,2015,87,BEST PICTURE,"Christian Colson, Oprah Winfrey, Dede Gardner and Jeremy Kleiner, Producers",Selma,False
2014,2015,87,BEST PICTURE,"Tim Bevan, Eric Fellner, Lisa Bruce and Anthony McCarten, Producers",The Theory of Everything,False
2014,2015,87,BEST PICTURE,"Jason Blum, Helen Estabrook and David Lancaster, Producers",Whiplash,False
2015,2016,88,BEST PICTURE,"Brad Pitt, Dede Gardner and Jeremy Kleiner, Producers",The Big Short,False
2015,2016,88,BEST PICTURE,"Steven Spielberg, Marc Platt and Kristie Macosko Krieger, Producers",Bridge of Spies,False
2015,2016,88,BEST PICTURE,"Finola Dwyer and Amanda Posey, Producers",Brooklyn,False
2015,2016,88,BEST PICTURE,"Doug Mitchell and George Miller, Producers",Mad Max: Fury Road,False
2015,2016,88,BEST PICTURE,"Simon Kinberg, Ridley Scott, Michael Schaefer and Mark Huffam, Producers",The Martian,False
2015,2016,88,BEST PICTURE,"Arnon Milchan, Steve Golin, Alejandro G. Iñárritu, Mary Parent and Keith Redmon, Producers",The Revenant,False
2015,2016,88,BEST PICTURE,"Ed Guiney, Producer",Room,False
2015,2016,88,BEST PICTURE,"Michael Sugar, Steve Golin, Nicole Rocklin and Blye Pagon Faust, Producers",Spotlight,True
2016,2017,89,BEST PICTURE,"Shawn Levy, Dan Levine, Aaron Ryder and David Linde, Producers",Arrival,False
2016,2017,89,BEST PICTURE,"Scott Rudin, Denzel Washington and Todd Black, Producers",Fences,False
2016,2017,89,BEST PICTURE,"Bill Mechanic and David Permut, Producers",Hacksaw Ridge,False
2016,2017,89,BEST PICTURE,"Carla Hacken and Julie Yorn, Producers",Hell or High Water,False
2016,2017,89,BEST PICTURE,"Donna Gigliotti, Peter Chernin, Jenno Topping, Pharrell Williams and Theodore Melfi, Producers",Hidden Figures,False
2016,2017,89,BEST PICTURE,"Fred Berger, Jordan Horowitz and Marc Platt, Producers",La La Land,False
2016,2017,89,BEST PICTURE,"Emile Sherman, Iain Canning and Angie Fielder, Producers",Lion,False
2016,2017,89,BEST PICTURE,"Matt Damon, Kimberly Steward, Chris Moore, Lauren Beck and Kevin J. Walsh, Producers",Manchester by the Sea,False
2016,2017,89,BEST PICTURE,"Adele Romanski, Dede Gardner and Jeremy Kleiner, Producers",Moonlight,True
2017,2018,90,BEST PICTURE,"Peter Spears, Luca Guadagnino, Emilie Georges and Marco Morabito, Producers",Call Me by Your Name,False
2017,2018,90,BEST PICTURE,"Tim Bevan, Eric Fellner, Lisa Bruce, Anthony McCarten and Douglas Urbanski, Producers",Darkest Hour,False
2017,2018,90,BEST PICTURE,"Emma Thomas and Christopher Nolan, Producers",Dunkirk,False
2017,2018,90,BEST PICTURE,"Sean McKittrick, Jason Blum, Edward H. Hamm Jr. and Jordan Peele, Producers",Get Out,False
2017,2018,90,BEST PICTURE,"Scott Rudin, Eli Bush and Evelyn O'Neill, Producers",Lady Bird,False
2017,2018,90,BEST PICTURE,"JoAnne Sellar, Paul Thomas Anderson, Megan Ellison and Daniel Lupi, Producers",Phantom Thread,False
2017,2018,90,BEST PICTURE,"Amy Pascal, Steven Spielberg and Kristie Macosko Krieger, Producers",The Post,False
2017,2018,90,BEST PICTURE,"Guillermo del Toro and J. Miles Dale, Producers",The Shape of Water,True
2017,2018,90,BEST PICTURE,"Graham Broadbent, Pete Czernin and Martin McDonagh, Producers","Three Billboards outside Ebbing, Missouri",False
2018,2019,91,BEST PICTURE,"Kevin Feige, Producer",Black Panther,False
2018,2019,91,BEST PICTURE,"Sean McKittrick, Jason Blum, Raymond Mansfield, Jordan Peele and Spike Lee, Producers",BlacKkKlansman,False
2018,2019,91,BEST PICTURE,"Graham King, Producer",Bohemian Rhapsody,False
2018,2019,91,BEST PICTURE,"Ceci Dempsey, Ed Guiney, Lee Magiday and Yorgos Lanthimos, Producers",The Favourite,False
2018,2019,91,BEST PICTURE,"Jim Burke, Charles B. Wessler, Brian Currie, Peter Farrelly and Nick Vallelonga, Producers",Green Book,True
2018,2019,91,BEST PICTURE,"Gabriela Rodríguez and Alfonso Cuarón, Producers",Roma,False
2018,2019,91,BEST PICTURE,"Bill Gerber, Bradley Cooper and Lynette Howell Taylor, Producers",A Star Is Born,False
2018,2019,91,BEST PICTURE,"Dede Gardner, Jeremy Kleiner, Adam McKay and Kevin Messick, Producers",Vice,False
2019,2020,92,BEST PICTURE,"Peter Chernin, Jenno Topping and James Mangold, Producers",Ford v Ferrari,False
2019,2020,92,BEST PICTURE,"Martin Scorsese, Robert De Niro, Jane Rosenthal and Emma Tillinger Koskoff, Producers",The Irishman,False
2019,2020,92,BEST PICTURE,"Carthew Neal, Taika Waititi and Chelsea Winstanley, Producers",Jojo Rabbit,False
2019,2020,92,BEST PICTURE,"Todd Phillips, Bradley Cooper and Emma Tillinger Koskoff, Producers",Joker,False
2019,2020,92,BEST PICTURE,"Amy Pascal, Producer",Little Women,False
2019,2020,92,BEST PICTURE,"Noah Baumbach and David Heyman, Producers",Marriage Story,False
2019,2020,92,BEST PICTURE,"Sam Mendes, Pippa Harris, Jayne-Ann Tenggren and Callum McDougall, Producers",1917,False
2019,2020,92,BEST PICTURE,"David Heyman, Shannon McIntosh and Quentin Tarantino, Producers",Once upon a Time...in Hollywood,False
2019,2020,92,BEST PICTURE,"Kwak Sin Ae and Bong Joon Ho, Producers",Parasite,True
2020,2021,93,BEST PICTURE,"David Parfitt, Jean-Louis Livi and Philippe Carcassonne, Producers",The Father,False
2020,2021,93,BEST PICTURE,"Shaka King, Charles D. King and Ryan Coogler, Producers",Judas and the Black Messiah,False
2020,2021,93,BEST PICTURE,"Ceán Chaffin, Eric Roth and Douglas Urbanski, Producers",Mank,False
2020,2021,93,BEST PICTURE,"Christina Oh, Producer",Minari,False
2020,2021,93,BEST PICTURE,"Frances McDormand, Peter Spears, Mollye Asher, Dan Janvey and Chloé Zhao, Producers",Nomadland,True
2020,2021,93,BEST PICTURE,"Ben Browning, Ashley Fox, Emerald Fennell and Josey McNamara, Producers",Promising Young Woman,False
2020,2021,93,BEST PICTURE,"Bert Hamelinck and Sacha Ben Harroche, Producers",Sound of Metal,False
2020,2021,93,BEST PICTURE,"Marc Platt and Stuart Besser, Producers",The Trial of the Chicago 7,False
2021,2022,94,BEST PICTURE,"Laura Berwick, Kenneth Branagh, Becca Kovacik and Tamar Thomas, Producers",Belfast,False
2021,2022,94,BEST PICTURE,"Philippe Rousselet, Fabrice Gianfermi and Patrick Wachsberger, Producers",CODA,True
2021,2022,94,BEST PICTURE,"Adam McKay and Kevin Messick, Producers",Don't Look Up,False
2021,2022,94,BEST PICTURE,"Teruhisa Yamamoto, Producer",Drive My Car,False
2021,2022,94,BEST PICTURE,"Mary Parent, Denis Villeneuve and Cale Boyter, Producers",Dune,False
2021,2022,94,BEST PICTURE,"Tim White, Trevor White and Will Smith, Producers",King Richard,False
2021,2022,94,BEST PICTURE,"Sara Murphy, Adam Somner and Paul Thomas Anderson, Producers",Licorice Pizza,False
2021,2022,94,BEST PICTURE,"Guillermo del Toro, J. Miles Dale and Bradley Cooper, Producers",Nightmare Alley,False
2021,2022,94,BEST PICTURE,"Jane Campion, Tanya Seghatchian, Emile Sherman, Iain Canning and Roger Frappier, Producers",The Power of the Dog,False
2021,2022,94,BEST PICTURE,"Steven Spielberg and Kristie Macosko Krieger, Producers",West Side Story,False
2022,2023,95,BEST PICTURE,"Malte Grunert, Producer",All Quiet on the Western Front,False
2022,2023,95,BEST PICTURE,"James Cameron and Jon Landau, Producers",Avatar: The Way of Water,False
2022,2023,95,BEST PICTURE,"Graham Broadbent, Pete Czernin and Martin McDonagh, Producers",The Banshees of Inisherin,False
2022,2023,95,BEST PICTURE,"Baz Luhrmann, Catherine Martin, Gail Berman, Patrick McCormick and Schuyler Weiss, Producers",Elvis,False
2022,2023,95,BEST PICTURE,"Daniel Kwan, Daniel Scheinert and Jonathan Wang, Producers",Everything Everywhere All at Once,True
2022,2023,95,BEST PICTURE,"Kristie Macosko Krieger, Steven Spielberg and Tony Kushner, Producers",The Fabelmans,False
2022,2023,95,BEST PICTURE,"Todd Field, Alexandra Milchan and Scott Lambert, Producers",Tár,False
2022,2023,95,BEST PICTURE,"Tom Cruise, Christopher McQuarrie, David Ellison and Jerry Bruckheimer, Producers",Top Gun: Maverick,False
2022,2023,95,BEST PICTURE,"Erik Hemmendorff and Philippe Bober, Producers",Triangle of Sadness,False
2022,2023,95,BEST PICTURE,"Dede Gardner, Jeremy Kleiner and Frances McDormand, Producers",Women Talking,False
