year_film,year_ceremony,category,name,film,OscarsWinner,Title/Year,Rated,Released,Runtime,Director,Writer,Actors,Language,Country,Awards,Metascore,imdbRating,imdbVotes,BoxOffice,Production,Genre1,Genre2,Genre3,GlobesWinner
1944,1945,BEST MOTION PICTURE,Paramount,Going My Way,True,Going My Way-1944,Passed,02 Oct 1944,126,Leo McCarey,"Frank Butler, Frank Cavett, Leo McCarey","Bing Crosby, Barry Fitzgerald, Frank McHugh",English,United States,Won 7 Oscars. 19 wins & 5 nominations total,90.0,7.0,12703,0,,Comedy,Drama,Music,True
1945,1946,BEST MOTION PICTURE,Paramount,The Lost Weekend,True,The Lost Weekend-1945,Passed,01 Jan 1946,101,Billy Wilder,"Charles R. Jackson, Charles Brackett, Billy Wilder","Ray Milland, Jane Wyman, Phillip Terry",English,United States,Won 4 Oscars. 16 wins & 3 nominations total,0.0,7.9,39085,0,,Drama,Film-Noir,,True
1947,1948,BEST MOTION PICTURE,20th Century-Fox,Gentleman's Agreement,True,Gentleman's Agreement-1947,Not Rated,01 Mar 1948,118,Elia Kazan,"Laura Z. Hobson, Moss Hart, Elia Kazan","Gregory Peck, Dorothy McGuire, John Garfield",English,United States,Won 3 Oscars. 12 wins & 8 nominations total,0.0,7.2,17293,0,,Drama,Romance,,True
1948,1949,BEST MOTION PICTURE,Warner Bros.,Johnny Belinda,False,Johnny Belinda-1948,Unrated,14 Sep 1948,102,Jean Negulesco,"Irma von Cube, Allen Vincent, Elmer Harris","Jane Wyman, Lew Ayres, Charles Bickford","English, American Sign ",United States,Won 1 Oscar. 6 wins & 13 nominations total,0.0,7.7,5107,0,,Drama,,,True
1950,1951,BEST MOTION PICTURE,Columbia,Born Yesterday,False,Born Yesterday-1950,Not Rated,01 Feb 1951,103,George Cukor,"Garson Kanin, Albert Mannheimer","Judy Holliday, William Holden, Broderick Crawford",English,United States,Won 1 Oscar. 5 wins & 10 nominations total,0.0,7.5,11992,0,,Comedy,Drama,Romance,False
1952,1953,BEST MOTION PICTURE,"Stanley Kramer, Producer",High Noon,False,High Noon-1952,PG,30 Jul 1952,85,Fred Zinnemann,"Carl Foreman, John W. Cunningham","Gary Cooper, Grace Kelly, Thomas Mitchell","English, Spanish",United States,Won 4 Oscars. 17 wins & 11 nominations total,89.0,8.0,107858,0,,Drama,Thriller,Western,False
1954,1955,BEST MOTION PICTURE,"Sam Spiegel, Producer",On the Waterfront,True,On the Waterfront-1954,Approved,22 Jun 1954,108,Elia Kazan,"Budd Schulberg, Malcolm Johnson, Robert Siodmak","Marlon Brando, Karl Malden, Lee J. Cobb","English, Latin",United States,Won 8 Oscars. 30 wins & 10 nominations total,91.0,8.1,160131,0,,Crime,Drama,Thriller,True
1956,1957,BEST MOTION PICTURE,"Michael Todd, Producer",Around the World in 80 Days,True,Around the World in 80 Days-1956,G,17 Oct 1956,175,"Michael Anderson, John Farrow","James Poe, John Farrow, S.J. Perelman","David Niven, Cantinflas, Finlay Currie","English, Spanish, French",United States,Won 5 Oscars. 14 wins & 5 nominations total,69.0,6.7,28910,42000000,,Adventure,Comedy,Family,True
1956,1957,BEST MOTION PICTURE,"George Stevens and Henry Ginsberg, Producers",Giant,False,Giant-1956,G,24 Nov 1956,201,George Stevens,"Edna Ferber, Fred Guiol, Ivan Moffat","Elizabeth Taylor, Rock Hudson, James Dean","English, Spanish",United States,Won 1 Oscar. 7 wins & 17 nominations total,84.0,7.6,41040,32855818,,Drama,Western,,False
1957,1958,BEST MOTION PICTURE,"William Goetz, Producer",Sayonara,False,Sayonara-1957,Not Rated,20 Dec 1957,147,Joshua Logan,"Paul Osborn, James A. Michener","Marlon Brando, Ricardo Montalban, Patricia Owens","English, Japanese",United States,Won 4 Oscars. 8 wins & 18 nominations total,0.0,7.0,7274,26300000,,Drama,Romance,,False
1957,1958,BEST MOTION PICTURE,"Arthur Hornblow, Jr., Producer",Witness for the Prosecution,False,Witness for the Prosecution-1957,Approved,06 Feb 1958,116,Billy Wilder,"Agatha Christie, Billy Wilder, Harry Kurnitz","Tyrone Power, Marlene Dietrich, Charles Laughton","English, German",United States,Nominated for 6 Oscars. 3 wins & 15 nominations total,76.0,8.4,131681,0,,Crime,Drama,Mystery,False
1958,1959,BEST MOTION PICTURE,Warner Bros.,Auntie Mame,False,Auntie Mame-1958,Approved,27 Dec 1958,143,Morton DaCosta,"Betty Comden, Adolph Green, Patrick Dennis","Rosalind Russell, Forrest Tucker, Coral Browne","English, French, Russian, Hindi",United States,Nominated for 6 Oscars. 5 wins & 12 nominations total,0.0,7.9,12112,0,,Comedy,Drama,Romance,True
1958,1959,BEST MOTION PICTURE,"Lawrence Weingarten, Producer",Cat on a Hot Tin Roof,False,Cat on a Hot Tin Roof-1958,Not Rated,29 Aug 1958,108,Richard Brooks,"Richard Brooks, James Poe, Tennessee Williams","Elizabeth Taylor, Paul Newman, Burl Ives",English,United States,Nominated for 6 Oscars. 3 wins & 16 nominations total,84.0,7.9,52134,0,Metro Goldwyn Mayer,Drama,,,False
1958,1959,BEST MOTION PICTURE,"Arthur Freed, Producer",Gigi,True,Gigi-1958,G,25 Jun 1958,115,"Vincente Minnelli, Charles Walters","Alan Jay Lerner, Colette, Niven Busch","Leslie Caron, Maurice Chevalier, Louis Jourdan","English, French",United States,Won 9 Oscars. 21 wins & 9 nominations total,82.0,6.6,23909,0,,Comedy,Musical,Romance,True
1958,1959,BEST MOTION PICTURE,"Harold Hecht, Producer",Separate Tables,False,Separate Tables-1958,Approved,11 Feb 1959,100,Delbert Mann,"Terence Rattigan, John Gay, John Michael Hayes","Rita Hayworth, Deborah Kerr, David Niven",English,United States,Won 2 Oscars. 7 wins & 15 nominations total,68.0,7.4,8264,7400000,,Drama,Romance,,False
1959,1960,BEST MOTION PICTURE,"Otto Preminger, Producer",Anatomy of a Murder,False,Anatomy of a Murder-1959,Not Rated,13 Jul 1959,161,Otto Preminger,"Wendell Mayes, John D. Voelker","James Stewart, Lee Remick, Ben Gazzara",English,United States,Nominated for 7 Oscars. 10 wins & 18 nominations total,95.0,8.0,68981,11900000,,Drama,Mystery,,False
1959,1960,BEST MOTION PICTURE,"Sam Zimbalist, Producer",Ben-Hur,True,Ben-Hur-1959,G,18 Nov 1959,212,William Wyler,"Lew Wallace, Karl Tunberg, Gore Vidal","Charlton Heston, Jack Hawkins, Stephen Boyd",English,United States,Won 11 Oscars. 29 wins & 13 nominations total,90.0,8.1,247779,74432704,,Adventure,Drama,,True
1960,1961,BEST MOTION PICTURE,"Bernard Smith, Producer",Elmer Gantry,False,Elmer Gantry-1960,Approved,26 Aug 1960,146,Richard Brooks,"Richard Brooks, Sinclair Lewis","Burt Lancaster, Jean Simmons, Arthur Kennedy",English,United States,Won 3 Oscars. 11 wins & 14 nominations total,0.0,7.7,12337,0,,Drama,,,False
1960,1961,BEST MOTION PICTURE,"Jerry Wald, Producer",Sons and Lovers,False,Sons and Lovers-1960,Approved,22 Jul 1960,103,Jack Cardiff,"Gavin Lambert, T.E.B. Clarke, D.H. Lawrence","Trevor Howard, Dean Stockwell, Wendy Hiller",English,United Kingdom,Won 1 Oscar. 8 wins & 16 nominations total,0.0,7.1,1714,0,,Drama,,,False
1961,1962,BEST MOTION PICTURE,"Joshua Logan, Producer",Fanny,False,Fanny-1961,Approved,28 Jun 1961,134,Joshua Logan,"S.N. Behrman, Joshua Logan, Marcel Pagnol","Leslie Caron, Maurice Chevalier, Charles Boyer",English,United States,Nominated for 5 Oscars. 1 win & 16 nominations total,0.0,6.8,2547,9996178,,Drama,Romance,,False
1961,1962,BEST MOTION PICTURE,"Stanley Kramer, Producer",Judgment at Nuremberg,False,Judgment at Nuremberg-1961,Approved,18 Dec 1961,179,Stanley Kramer,"Abby Mann, Montgomery Clift","Spencer Tracy, Burt Lancaster, Richard Widmark","English, German",United States,Won 2 Oscars. 16 wins & 26 nominations total,60.0,8.3,81533,0,,Drama,War,,False
1961,1962,BEST MOTION PICTURE,"Robert Wise, Producer",West Side Story,True,West Side Story-1961,Approved,23 Dec 1961,153,"Jerome Robbins, Robert Wise","Ernest Lehman, Arthur Laurents, Jerome Robbins","Natalie Wood, George Chakiris, Richard Beymer","English, Spanish",United States,Won 10 Oscars. 29 wins & 11 nominations total,86.0,7.6,118514,44055492,,Crime,Drama,Musical,True
1962,1963,BEST PICTURE,"Aaron Rosenberg, Producer",Mutiny on the Bounty,False,Mutiny on the Bounty-1962,Not Rated,08 Nov 1962,178,"Lewis Milestone, Carol Reed","Charles Lederer, Charles Nordhoff, James Norman Hall","Marlon Brando, Trevor Howard, Richard Harris","English, Polynesian, French, Dutch",United States,Nominated for 7 Oscars. 3 wins & 13 nominations total,48.0,7.2,17241,0,,Adventure,Drama,History,False
1963,1964,BEST PICTURE,"Walter Wanger, Producer",Cleopatra,False,Cleopatra-1963,G,31 Jul 1963,192,Joseph L. Mankiewicz,"Joseph L. Mankiewicz, Ranald MacDougall, Sidney Buchman","Elizabeth Taylor, Richard Burton, Rex Harrison",English,"United States, Switzerland, United Kingdom",Won 4 Oscars. 6 wins & 13 nominations total,60.0,7.0,35923,57777778,,Biography,Drama,History,False
1963,1964,BEST PICTURE,"Ralph Nelson, Producer",Lilies of the Field,False,Lilies of the Field-1963,Unrated,05 Jul 1963,94,Ralph Nelson,"James Poe, William E. Barrett","Sidney Poitier, Lilia Skala, Lisa Mann","English, German, Spanish",United States,Won 1 Oscar. 13 wins & 13 nominations total,61.0,7.5,12824,0,,Drama,,,False
1963,1964,BEST PICTURE,"Tony Richardson, Producer",Tom Jones,True,Tom Jones-1963,Not Rated,27 Jun 1963,129,Tony Richardson,"John Osborne, Henry Fielding","Albert Finney, Susannah York, George Devine",English,United Kingdom,Won 4 Oscars. 20 wins & 20 nominations total,77.0,6.4,13846,0,,Adventure,Comedy,History,True
1964,1965,BEST PICTURE,"Hal B. Wallis, Producer",Becket,False,Becket-1964,PG-13,11 Mar 1964,148,Peter Glenville,"Jean Anouilh, Lucienne Hill, Edward Anhalt","Richard Burton, Peter O'Toole, John Gielgud","English, Latin, Welsh","United Kingdom, United States",Won 1 Oscar. 14 wins & 23 nominations total,68.0,7.8,15461,149327,,Biography,Drama,History,True
1964,1965,BEST PICTURE,"Walt Disney and Bill Walsh, Producers",Mary Poppins,False,Mary Poppins-1964,G,18 Jun 1965,139,Robert Stevenson,"Bill Walsh, Don DaGradi, P.L. Travers","Julie Andrews, Dick Van Dyke, David Tomlinson",English,United States,Won 5 Oscars. 22 wins & 17 nominations total,88.0,7.8,180492,102272727,,Comedy,Family,Fantasy,False
1964,1965,BEST PICTURE,"Jack L. Warner, Producer",My Fair Lady,True,My Fair Lady-1964,G,25 Dec 1964,170,George Cukor,"Alan Jay Lerner, George Bernard Shaw","Audrey Hepburn, Rex Harrison, Stanley Holloway",English,United States,Won 8 Oscars. 25 wins & 13 nominations total,95.0,7.8,99173,72560711,,Drama,Family,Musical,True
1965,1966,BEST PICTURE,"Carlo Ponti, Producer",Doctor Zhivago,False,Doctor Zhivago-1965,PG-13,31 Dec 1965,197,David Lean,"Boris Pasternak, Robert Bolt","Omar Sharif, Julie Christie, Geraldine Chaplin","English, Russian, French","Italy, United Kingdom, United States",Won 5 Oscars. 21 wins & 13 nominations total,69.0,7.9,80171,111721910,,Drama,Romance,War,True
1965,1966,BEST PICTURE,"Stanley Kramer, Producer",Ship of Fools,False,Ship of Fools-1965,Not Rated,01 Oct 1965,149,Stanley Kramer,"Katherine Anne Porter, Abby Mann","Vivien Leigh, Simone Signoret, José Ferrer","English, German, Spanish",United States,Won 2 Oscars. 5 wins & 13 nominations total,0.0,7.1,6675,0,,Drama,Romance,War,False
1966,1967,BEST PICTURE,"Robert Wise, Producer",The Sand Pebbles,False,The Sand Pebbles-1966,PG-13,20 Dec 1966,182,Robert Wise,"Richard McKenna, Robert Anderson","Steve McQueen, Richard Attenborough, Richard Crenna","English, Mandarin",United States,Nominated for 8 Oscars. 2 wins & 21 nominations total,0.0,7.5,15879,0,,Adventure,Drama,Romance,False
1966,1967,BEST PICTURE,"Ernest Lehman, Producer",Who's Afraid of Virginia Woolf?,False,Who's Afraid of Virginia Woolf?-1966,Not Rated,22 Jun 1966,131,Mike Nichols,"Ernest Lehman, Edward Albee","Elizabeth Taylor, Richard Burton, George Segal","English, Latin, Spanish",United States,Won 5 Oscars. 22 wins & 24 nominations total,75.0,8.0,78242,28000000,,Drama,,,False
1967,1968,BEST PICTURE,"Warren Beatty, Producer",Bonnie and Clyde,False,Bonnie and Clyde-1967,R,14 Aug 1967,111,Arthur Penn,"David Newman, Robert Benton, Robert Towne","Warren Beatty, Faye Dunaway, Michael J. Pollard",English,United States,Won 2 Oscars. 22 wins & 29 nominations total,86.0,7.7,117523,0,,Action,Biography,Crime,False
1967,1968,BEST PICTURE,"Arthur P. Jacobs, Producer",Doctor Dolittle,False,Doctor Dolittle-1967,Approved,19 Dec 1967,152,Richard Fleischer,"Hugh Lofting, Leslie Bricusse","Rex Harrison, Samantha Eggar, Anthony Newley",English,United States,Won 2 Oscars. 6 wins & 15 nominations total,34.0,6.1,9999,0,,Adventure,Comedy,Family,False
1967,1968,BEST PICTURE,"Walter Mirisch, Producer",In the Heat of the Night,True,In the Heat of the Night-1967,Approved,02 Aug 1967,110,Norman Jewison,"Stirling Silliphant, John Ball","Sidney Poitier, Rod Steiger, Warren Oates",English,United States,Won 5 Oscars. 23 wins & 16 nominations total,76.0,7.9,80781,0,,Drama,Mystery,Thriller,True
1968,1969,BEST PICTURE,"Ray Stark, Producer",Funny Girl,False,Funny Girl-1968,G,19 Sep 1968,151,William Wyler,Isobel Lennart,"Barbra Streisand, Omar Sharif, Kay Medford",English,United States,Won 1 Oscar. 8 wins & 16 nominations total,89.0,7.3,24189,52223306,,Biography,Comedy,Drama,False
1968,1969,BEST PICTURE,"Martin Poll, Producer",The Lion in Winter,False,The Lion in Winter-1968,PG,30 Oct 1968,134,Anthony Harvey,James Goldman,"Peter O'Toole, Katharine Hepburn, Anthony Hopkins","English, French, Latin","United Kingdom, United States",Won 3 Oscars. 16 wins & 18 nominations total,0.0,7.9,32947,18177,,Biography,Drama,History,True
1968,1969,BEST PICTURE,"John Woolf, Producer",Oliver!,True,Oliver!-1968,G,27 Sep 1968,153,Carol Reed,"Lionel Bart, Vernon Harris, Charles Dickens","Mark Lester, Ron Moody, Shani Wallis",English,"United Kingdom, United States",Won 5 Oscars. 13 wins & 25 nominations total,74.0,7.4,40306,0,,Drama,Family,Musical,True
1969,1970,BEST PICTURE,"Hal B. Wallis, Producer",Anne of the Thousand Days,False,Anne of the Thousand Days-1969,PG,18 Dec 1969,145,Charles Jarrott,"Bridget Boland, John Hale, Richard Sokolove","Richard Burton, Geneviève Bujold, Irene Papas",English,United Kingdom,Won 1 Oscar. 6 wins & 16 nominations total,0.0,7.4,7927,2068232,,Biography,Drama,History,True
1969,1970,BEST PICTURE,"Ernest Lehman, Producer","Hello, Dolly!",False,"Hello, Dolly!-1969",G,16 Dec 1969,146,Gene Kelly,"Michael Stewart, Thornton Wilder, Ernest Lehman","Barbra Streisand, Walter Matthau, Michael Crawford",English,United States,Won 3 Oscars. 4 wins & 13 nominations total,51.0,7.0,16327,400881,,Adventure,Comedy,Musical,False
1969,1970,BEST PICTURE,"Jerome Hellman, Producer",Midnight Cowboy,True,Midnight Cowboy-1969,X,25 May 1969,113,John Schlesinger,"Waldo Salt, James Leo Herlihy","Dustin Hoffman, Jon Voight, Sylvia Miles","English, Italian",United States,Won 3 Oscars. 28 wins & 16 nominations total,79.0,7.8,116517,44785053,,Drama,,,False
1970,1971,BEST PICTURE,"Ross Hunter, Producer",Airport,False,Airport-1970,G,05 Mar 1970,137,"George Seaton, Henry Hathaway","Arthur Hailey, George Seaton","Burt Lancaster, Dean Martin, George Kennedy","English, Italian",United States,Won 1 Oscar. 5 wins & 19 nominations total,42.0,6.6,20960,100489151,,Action,Drama,Thriller,False
1970,1971,BEST PICTURE,"Bob Rafelson and Richard Wechsler, Producers",Five Easy Pieces,False,Five Easy Pieces-1970,R,12 Sep 1970,98,Bob Rafelson,"Carole Eastman, Bob Rafelson","Jack Nicholson, Karen Black, Billy Green Bush",English,United States,Nominated for 4 Oscars. 10 wins & 22 nominations total,85.0,7.4,39393,0,,Drama,,,False
1970,1971,BEST PICTURE,"Howard G. Minsky, Producer",Love Story,False,Love Story-1970,PG,16 Dec 1970,100,Arthur Hiller,Erich Segal,"Ali MacGraw, Ryan O'Neal, John Marley",English,United States,Won 1 Oscar. 10 wins & 17 nominations total,84.0,6.9,36117,106550690,,Drama,Romance,,True
1970,1971,BEST PICTURE,"Ingo Preminger, Producer",M*A*S*H,False,M*A*S*H-1970,R,18 Mar 1970,116,Robert Altman,"Richard Hooker, Ring Lardner Jr.","Donald Sutherland, Elliott Gould, Tom Skerritt","Latin, English, Japanese, Korean",United States,Won 1 Oscar. 14 wins & 24 nominations total,80.0,7.4,75388,81600000,,Comedy,Drama,War,True
1970,1971,BEST PICTURE,"Frank McCarthy, Producer",Patton,True,Patton-1970,PG,02 Apr 1970,172,Franklin J. Schaffner,"Francis Ford Coppola, Edmund H. North, Ladislas Farago","George C. Scott, Karl Malden, Stephen Young","English, German, French, Russian, Arabic, Italian",United States,Won 7 Oscars. 24 wins & 8 nominations total,86.0,7.9,105798,61749765,,Biography,Drama,War,False
1971,1972,BEST PICTURE,"Norman Jewison, Producer",Fiddler on the Roof,False,Fiddler on the Roof-1971,G,03 Nov 1971,181,Norman Jewison,"Sholom Aleichem, Arnold Perl, Joseph Stein","Topol, Norma Crane, Leonard Frey","English, Hebrew, Russian",United States,Won 3 Oscars. 9 wins & 14 nominations total,67.0,8.0,45912,10404330,,Drama,Family,Musical,True
1972,1973,BEST PICTURE,"Cy Feuer, Producer",Cabaret,False,Cabaret-1972,PG,13 Feb 1972,124,Bob Fosse,"Joe Masteroff, John Van Druten, Christopher Isherwood","Liza Minnelli, Michael York, Helmut Griem","English, German, Hebrew, French",United States,Won 8 Oscars. 35 wins & 17 nominations total,80.0,7.8,57679,0,,Drama,Music,Musical,True
1972,1973,BEST PICTURE,"John Boorman, Producer",Deliverance,False,Deliverance-1972,R,18 Aug 1972,109,John Boorman,"James Dickey, John Boorman","Jon Voight, Burt Reynolds, Ned Beatty",English,United States,Nominated for 3 Oscars. 2 wins & 14 nominations total,80.0,7.7,115756,0,,Adventure,Drama,Thriller,False
1973,1974,BEST PICTURE,"Francis Ford Coppola, Producer;  Gary Kurtz, Co-Producer",American Graffiti,False,American Graffiti-1973,PG,11 Aug 1973,110,George Lucas,"George Lucas, Gloria Katz, Willard Huyck","Richard Dreyfuss, Ron Howard, Paul Le Mat",English,United States,Nominated for 5 Oscars. 9 wins & 13 nominations total,97.0,7.4,95294,115000000,,Comedy,Drama,,True
1974,1975,BEST PICTURE,"Robert Evans, Producer",Chinatown,False,Chinatown-1974,R,20 Jun 1974,130,Roman Polanski,"Robert Towne, Roman Polanski","Jack Nicholson, Faye Dunaway, John Huston","English, Cantonese, Spanish",United States,Won 1 Oscar. 21 wins & 24 nominations total,92.0,8.2,339335,29200000,,Drama,Mystery,Thriller,True
1975,1976,BEST PICTURE,"Stanley Kubrick, Producer",Barry Lyndon,False,Barry Lyndon-1975,PG,18 Dec 1975,185,Stanley Kubrick,"Stanley Kubrick, William Makepeace Thackeray","Ryan O'Neal, Marisa Berenson, Patrick Magee","English, German, French","United Kingdom, United States",Won 4 Oscars. 17 wins & 14 nominations total,89.0,8.1,175953,0,,Adventure,Drama,War,False
1975,1976,BEST PICTURE,"Martin Bregman and Martin Elfand, Producers",Dog Day Afternoon,False,Dog Day Afternoon-1975,R,25 Dec 1975,125,Sidney Lumet,"Frank Pierson, P.F. Kluge, Thomas Moore","Al Pacino, John Cazale, Penelope Allen",English,United States,Won 1 Oscar. 14 wins & 20 nominations total,86.0,8.0,266468,50000000,,Biography,Crime,Drama,False
1975,1976,BEST PICTURE,"Richard D. Zanuck and David Brown, Producers",Jaws,False,Jaws-1975,PG,20 Jun 1975,124,Steven Spielberg,"Peter Benchley, Carl Gottlieb","Roy Scheider, Robert Shaw, Richard Dreyfuss",English,United States,Won 3 Oscars. 15 wins & 20 nominations total,87.0,8.1,638045,265859065,,Adventure,Mystery,Thriller,False
1975,1976,BEST PICTURE,"Robert Altman, Producer",Nashville,False,Nashville-1975,R,01 Jul 1975,160,Robert Altman,Joan Tewkesbury,"Keith Carradine, Karen Black, Ronee Blakley",English,United States,Won 1 Oscar. 23 wins & 25 nominations total,96.0,7.6,27751,9984123,,Comedy,Drama,Music,False
1976,1977,BEST PICTURE,"Robert F. Blumofe and Harold Leventhal, Producers",Bound for Glory,False,Bound for Glory-1976,PG,05 Dec 1976,147,Hal Ashby,"Robert Getchell, Woody Guthrie","David Carradine, Ronny Cox, Melinda Dillon",English,United States,Won 2 Oscars. 6 wins & 11 nominations total,70.0,7.3,5431,0,,Biography,Drama,Music,False
1976,1977,BEST PICTURE,"Howard Gottfried, Producer",Network,False,Network-1976,R,27 Nov 1976,121,Sidney Lumet,Paddy Chayefsky,"Faye Dunaway, William Holden, Peter Finch",English,United States,Won 4 Oscars. 20 wins & 27 nominations total,83.0,8.1,165082,23689877,,Drama,,,False
1976,1977,BEST PICTURE,"Irwin Winkler and Robert Chartoff, Producers",Rocky,True,Rocky-1976,PG,03 Dec 1976,120,John G. Avildsen,Sylvester Stallone,"Sylvester Stallone, Talia Shire, Burt Young",English,United States,Won 3 Oscars. 21 wins & 23 nominations total,70.0,8.1,607910,117235147,,Drama,Sport,,True
1977,1978,BEST PICTURE,"Charles H. Joffe, Producer",Annie Hall,True,Annie Hall-1977,PG,20 Apr 1977,93,Woody Allen,"Woody Allen, Marshall Brickman","Woody Allen, Diane Keaton, Tony Roberts","English, German",United States,Won 4 Oscars. 31 wins & 9 nominations total,92.0,8.0,271934,38251425,,Comedy,Romance,,False
1977,1978,BEST PICTURE,"Richard Roth, Producer",Julia,False,Julia-1977,PG,08 Jan 1978,117,Fred Zinnemann,"Lillian Hellman, Alvin Sargent","Jane Fonda, Vanessa Redgrave, Jason Robards","English, French, German, Russian",United States,Won 3 Oscars. 21 wins & 26 nominations total,58.0,7.1,10162,20714400,,Drama,,,False
1978,1979,BEST PICTURE,"Jerome Hellman, Producer",Coming Home,False,Coming Home-1978,R,15 Feb 1978,127,Hal Ashby,"Waldo Salt, Robert C. Jones, Nancy Dowd","Jane Fonda, Jon Voight, Bruce Dern",English,United States,Won 3 Oscars. 14 wins & 16 nominations total,61.0,7.3,14382,32653905,,Drama,Romance,War,False
1978,1979,BEST PICTURE,"Warren Beatty, Producer",Heaven Can Wait,False,Heaven Can Wait-1978,PG,28 Jun 1978,101,"Warren Beatty, Buck Henry","Elaine May, Warren Beatty, Harry Segall","Warren Beatty, James Mason, Julie Christie",English,United States,Won 1 Oscar. 9 wins & 14 nominations total,72.0,6.9,22673,81640278,,Comedy,Fantasy,Romance,True
1978,1979,BEST PICTURE,"Alan Marshall and David Puttnam, Producers",Midnight Express,False,Midnight Express-1978,R,06 Oct 1978,121,Alan Parker,"Oliver Stone, Billy Hayes, William Hoffer","Brad Davis, Irene Miracle, Bo Hopkins","English, Maltese, French, Turkish","United Kingdom, United States",Won 2 Oscars. 17 wins & 14 nominations total,59.0,7.5,85374,35000000,,Biography,Crime,Drama,True
1979,1980,BEST PICTURE,"Francis Coppola, Producer;  Fred Roos, Gray Frederickson and Tom Sternberg, Co-Producers",Apocalypse Now,False,Apocalypse Now-1979,R,15 Aug 1979,147,Francis Ford Coppola,"John Milius, Francis Ford Coppola, Michael Herr","Martin Sheen, Marlon Brando, Robert Duvall","English, French, Vietnamese",United States,Won 2 Oscars. 21 wins & 33 nominations total,94.0,8.4,690867,96042913,,Drama,Mystery,War,False
1979,1980,BEST PICTURE,"Peter Yates, Producer",Breaking Away,False,Breaking Away-1979,PG,20 Jul 1979,101,Peter Yates,Steve Tesich,"Dennis Christopher, Dennis Quaid, Daniel Stern","English, Italian, French",United States,Won 1 Oscar. 11 wins & 14 nominations total,91.0,7.7,24847,16424918,,Comedy,Drama,Sport,True
1979,1980,BEST PICTURE,"Stanley R. Jaffe, Producer",Kramer vs. Kramer,True,Kramer vs. Kramer-1979,PG,19 Dec 1979,105,Robert Benton,"Avery Corman, Robert Benton","Dustin Hoffman, Meryl Streep, Jane Alexander",English,United States,Won 5 Oscars. 41 wins & 25 nominations total,77.0,7.8,151156,106260000,,Drama,,,True
1979,1980,BEST PICTURE,"Tamara Asseyev and Alex Rose, Producers",Norma Rae,False,Norma Rae-1979,PG,02 Mar 1979,114,Martin Ritt,"Irving Ravetch, Harriet Frank Jr.","Sally Field, Beau Bridges, Ron Leibman",English,United States,Won 2 Oscars. 12 wins & 6 nominations total,61.0,7.3,12372,22228000,,Drama,,,False
1980,1981,BEST PICTURE,"Bernard Schwartz, Producer",Coal Miner's Daughter,False,Coal Miner's Daughter-1980,PG,07 Mar 1980,124,Michael Apted,"Thomas Rickman, Loretta Lynn, George Vecsey","Sissy Spacek, Tommy Lee Jones, Levon Helm",English,United States,Won 1 Oscar. 11 wins & 13 nominations total,87.0,7.5,19779,67182787,,Biography,Drama,Music,True
1980,1981,BEST PICTURE,"Ronald L. Schwary, Producer",Ordinary People,True,Ordinary People-1980,R,19 Sep 1980,124,Robert Redford,"Judith Guest, Alvin Sargent, Nancy Dowd","Donald Sutherland, Mary Tyler Moore, Judd Hirsch",English,United States,Won 4 Oscars. 20 wins & 14 nominations total,86.0,7.7,54960,54766923,,Drama,,,True
1980,1981,BEST PICTURE,"Irwin Winkler and Robert Chartoff, Producers",Raging Bull,False,Raging Bull-1980,R,19 Dec 1980,129,Martin Scorsese,"Jake LaMotta, Joseph Carter, Peter Savage","Robert De Niro, Cathy Moriarty, Joe Pesci",English,United States,Won 2 Oscars. 24 wins & 28 nominations total,90.0,8.1,367987,23383987,,Biography,Drama,Sport,False
1981,1982,BEST PICTURE,"David Puttnam, Producer",Chariots of Fire,True,Chariots of Fire-1981,PG,09 Apr 1982,125,Hugh Hudson,Colin Welland,"Ben Cross, Ian Charleson, Nicholas Farrell","English, French",United Kingdom,Won 4 Oscars. 18 wins & 19 nominations total,78.0,7.1,64122,58972904,,Biography,Drama,Sport,True
1981,1982,BEST PICTURE,"Bruce Gilbert, Producer",On Golden Pond,False,On Golden Pond-1981,PG,12 Feb 1982,109,Mark Rydell,Ernest Thompson,"Katharine Hepburn, Henry Fonda, Jane Fonda",English,United States,Won 3 Oscars. 14 wins & 23 nominations total,68.0,7.6,33719,119285432,,Drama,,,True
1981,1982,BEST PICTURE,"Warren Beatty, Producer",Reds,False,Reds-1981,PG,25 Dec 1981,195,Warren Beatty,"Warren Beatty, Trevor Griffiths","Warren Beatty, Diane Keaton, Edward Herrmann","English, Russian, German, French, Finnish, Italian","United States, United Kingdom",Won 3 Oscars. 22 wins & 37 nominations total,76.0,7.3,24119,40382659,,Biography,Drama,History,False
1982,1983,BEST PICTURE,"Richard Attenborough, Producer",Gandhi,True,Gandhi-1982,PG,25 Feb 1983,191,Richard Attenborough,John Briley,"Ben Kingsley, John Gielgud, Rohini Hattangadi","English, Hindi","United Kingdom, India, United States, South Africa",Won 8 Oscars. 35 wins & 21 nominations total,79.0,8.0,237270,52767889,,Biography,Drama,History,True
1982,1983,BEST PICTURE,"Edward Lewis and Mildred Lewis, Producers",Missing,False,Missing-1982,PG,12 Mar 1982,122,Costa-Gavras,"Costa-Gavras, Donald E. Stewart, Thomas Hauser","Jack Lemmon, Sissy Spacek, Melanie Mayron","English, Spanish, French","United States, Mexico",Won 1 Oscar. 12 wins & 21 nominations total,78.0,7.7,22475,14000000,,Biography,Drama,History,False
1982,1983,BEST PICTURE,"Sydney Pollack and Dick Richards, Producers",Tootsie,False,Tootsie-1982,PG,17 Dec 1982,116,Sydney Pollack,"Don McGuire, Larry Gelbart, Murray Schisgal","Dustin Hoffman, Jessica Lange, Teri Garr",English,United States,Won 1 Oscar. 25 wins & 30 nominations total,88.0,7.4,111728,177200000,,Comedy,Drama,Romance,True
1983,1984,BEST PICTURE,"Peter Yates, Producer",The Dresser,False,The Dresser-1983,PG,06 Dec 1983,118,Peter Yates,Ronald Harwood,"Albert Finney, Tom Courtenay, Edward Fox",English,United Kingdom,Nominated for 5 Oscars. 5 wins & 17 nominations total,0.0,7.5,5528,5310748,,Drama,,,False
1983,1984,BEST PICTURE,"Philip S. Hobel, Producer",Tender Mercies,False,Tender Mercies-1983,PG,04 Mar 1983,92,Bruce Beresford,Horton Foote,"Robert Duvall, Tess Harper, Betty Buckley",English,United States,Won 2 Oscars. 10 wins & 14 nominations total,76.0,7.3,11521,8443124,,Drama,Music,,False
1983,1984,BEST PICTURE,"James L. Brooks, Producer",Terms of Endearment,True,Terms of Endearment-1983,PG,09 Dec 1983,132,James L. Brooks,"Larry McMurtry, James L. Brooks","Shirley MacLaine, Debra Winger, Jack Nicholson",English,United States,Won 5 Oscars. 32 wins & 18 nominations total,79.0,7.4,63566,108423489,,Comedy,Drama,,True
1984,1985,BEST PICTURE,"Saul Zaentz, Producer",Amadeus,True,Amadeus-1984,PG,19 Sep 1984,160,Milos Forman,"Peter Shaffer, Zdenek Mahler","F. Murray Abraham, Tom Hulce, Elizabeth Berridge","English, Italian, Latin, German, French","United States, France",Won 8 Oscars. 43 wins & 14 nominations total,87.0,8.4,414434,51973029,,Biography,Drama,Music,True
1984,1985,BEST PICTURE,"Arlene Donovan, Producer",Places in the Heart,False,Places in the Heart-1984,PG,05 Oct 1984,111,Robert Benton,Robert Benton,"Sally Field, Lindsay Crouse, Ed Harris",English,United States,Won 2 Oscars. 13 wins & 14 nominations total,70.0,7.4,12817,34901614,,Drama,,,False
1985,1986,BEST PICTURE,"David Weisman, Producer",Kiss of the Spider Woman,False,Kiss of the Spider Woman-1985,R,26 Jul 1985,120,Hector Babenco,"Manuel Puig, Leonard Schrader","William Hurt, Raul Julia, Sonia Braga","English, French, Portuguese, German","Brazil, United States",Won 1 Oscar. 14 wins & 10 nominations total,80.0,7.3,16889,17005229,,Drama,,,False
1985,1986,BEST PICTURE,"Sydney Pollack, Producer",Out of Africa,True,Out of Africa-1985,PG,20 Dec 1985,161,Sydney Pollack,"Karen Blixen, Judith Thurman, Errol Trzebinski","Meryl Streep, Robert Redford, Klaus Maria Brandauer","English, Swahili, Arabic","United States, United Kingdom",Won 7 Oscars. 30 wins & 27 nominations total,69.0,7.1,84022,87071205,,Biography,Drama,Romance,True
1985,1986,BEST PICTURE,"John Foreman, Producer",Prizzi's Honor,False,Prizzi's Honor-1985,R,14 Jun 1985,130,John Huston,"Richard Condon, Janet Roach","Jack Nicholson, Kathleen Turner, Robert Loggia","English, Italian",United States,Won 1 Oscar. 27 wins & 24 nominations total,84.0,6.7,25696,26657534,,Comedy,Crime,Drama,True
1985,1986,BEST PICTURE,"Edward S. Feldman, Producer",Witness,False,Witness-1985,R,08 Feb 1985,112,Peter Weir,"William Kelley, Pamela Wallace, Earl W. Wallace","Harrison Ford, Kelly McGillis, Lukas Haas","English, German",United States,Won 2 Oscars. 13 wins & 25 nominations total,76.0,7.4,101245,68706993,,Drama,Romance,Thriller,False
1986,1987,BEST PICTURE,"Burt Sugarman and Patrick Palmer, Producers",Children of a Lesser God,False,Children of a Lesser God-1986,R,31 Oct 1986,119,Randa Haines,"Mark Medoff, Hesper Anderson, James Carrington","William Hurt, Marlee Matlin, Piper Laurie","English, American Sign ",United States,Won 1 Oscar. 6 wins & 11 nominations total,80.0,7.2,18000,31853080,,Drama,Romance,,False
1986,1987,BEST PICTURE,"Robert Greenhut, Producer",Hannah and Her Sisters,False,Hannah and Her Sisters-1986,PG-13,14 Mar 1986,107,Woody Allen,Woody Allen,"Mia Farrow, Dianne Wiest, Michael Caine",English,United States,Won 3 Oscars. 27 wins & 26 nominations total,90.0,7.8,74071,40084041,,Comedy,Drama,,True
1986,1987,BEST PICTURE,"Arnold Kopelson, Producer",Platoon,True,Platoon-1986,R,06 Feb 1987,120,Oliver Stone,Oliver Stone,"Charlie Sheen, Tom Berenger, Willem Dafoe","English, Vietnamese","United States, United Kingdom",Won 4 Oscars. 24 wins & 15 nominations total,92.0,8.1,428012,138530565,,Drama,War,,True
1987,1988,BEST PICTURE,"James L. Brooks, Producer",Broadcast News,False,Broadcast News-1987,R,25 Dec 1987,133,James L. Brooks,James L. Brooks,"William Hurt, Albert Brooks, Holly Hunter","English, Spanish, French, German",United States,Nominated for 7 Oscars. 14 wins & 23 nominations total,84.0,7.2,32991,51249404,,Comedy,Drama,Romance,False
1987,1988,BEST PICTURE,"Stanley R. Jaffe and Sherry Lansing, Producers",Fatal Attraction,False,Fatal Attraction-1987,R,18 Sep 1987,119,Adrian Lyne,James Dearden,"Michael Douglas, Glenn Close, Anne Archer",English,United States,Nominated for 6 Oscars. 9 wins & 22 nominations total,67.0,6.9,93065,156645693,,Drama,Thriller,,False
1987,1988,BEST PICTURE,"John Boorman, Producer",Hope and Glory,False,Hope and Glory-1987,PG-13,19 Feb 1988,113,John Boorman,John Boorman,"Sarah Miles, David Hayman, Sebastian Rice-Edwards",English,"United Kingdom, United States",Nominated for 5 Oscars. 16 wins & 29 nominations total,86.0,7.3,14085,10021120,,Comedy,Drama,Romance,True
1987,1988,BEST PICTURE,"Patrick Palmer and Norman Jewison, Producers",Moonstruck,False,Moonstruck-1987,PG,15 Jan 1988,102,Norman Jewison,John Patrick Shanley,"Cher, Nicolas Cage, Olympia Dukakis","English, Italian, Latin",United States,Won 3 Oscars. 18 wins & 19 nominations total,83.0,7.1,64275,80640528,,Comedy,Drama,Romance,False
1988,1989,BEST PICTURE,"Frederick Zollo and Robert F. Colesberry, Producers",Mississippi Burning,False,Mississippi Burning-1988,R,27 Jan 1989,128,Alan Parker,Chris Gerolmo,"Gene Hackman, Willem Dafoe, Frances McDormand",English,United States,Won 1 Oscar. 17 wins & 24 nominations total,65.0,7.8,105962,34603943,,Crime,Drama,Mystery,False
1988,1989,BEST PICTURE,"Mark Johnson, Producer",Rain Man,True,Rain Man-1988,R,16 Dec 1988,133,Barry Levinson,"Barry Morrow, Ron Bass","Dustin Hoffman, Tom Cruise, Valeria Golino","English, Italian",United States,Won 4 Oscars. 27 wins & 23 nominations total,65.0,8.0,533182,172825435,,Drama,,,True
1988,1989,BEST PICTURE,"Douglas Wick, Producer",Working Girl,False,Working Girl-1988,R,21 Dec 1988,113,Mike Nichols,Kevin Wade,"Melanie Griffith, Harrison Ford, Sigourney Weaver",English,United States,Won 1 Oscar. 9 wins & 17 nominations total,73.0,6.8,60324,63779477,,Comedy,Drama,Romance,True
1989,1990,BEST PICTURE,"A. Kitman Ho and Oliver Stone, Producers",Born on the Fourth of July,False,Born on the Fourth of July-1989,R,05 Jan 1990,145,Oliver Stone,"Ron Kovic, Oliver Stone","Tom Cruise, Bryan Larkin, Raymond J. Barry","English, Spanish",United States,Won 2 Oscars. 15 wins & 26 nominations total,75.0,7.2,113083,70001698,,Biography,Drama,War,True
1989,1990,BEST PICTURE,"Steven Haft, Paul Junger Witt and Tony Thomas, Producers",Dead Poets Society,False,Dead Poets Society-1989,PG,09 Jun 1989,128,Peter Weir,Tom Schulman,"Robin Williams, Robert Sean Leonard, Ethan Hawke","English, Latin",United States,Won 1 Oscar. 20 wins & 19 nominations total,79.0,8.1,520992,95860116,,Comedy,Drama,,False
1989,1990,BEST PICTURE,"Richard D. Zanuck and Lili Fini Zanuck, Producers",Driving Miss Daisy,True,Driving Miss Daisy-1989,PG,26 Jan 1990,99,Bruce Beresford,Alfred Uhry,"Morgan Freeman, Jessica Tandy, Dan Aykroyd","English, Hebrew",United States,Won 4 Oscars. 22 wins & 24 nominations total,81.0,7.3,114875,106593296,,Comedy,Drama,Romance,True
1990,1991,BEST PICTURE,"Lisa Weinstein, Producer",Ghost,False,Ghost-1990,PG-13,13 Jul 1990,127,Jerry Zucker,Bruce Joel Rubin,"Patrick Swayze, Demi Moore, Whoopi Goldberg",English,United States,Won 2 Oscars. 18 wins & 23 nominations total,52.0,7.1,227568,217631306,,Drama,Fantasy,Romance,False
1991,1992,BEST PICTURE,"Don Hahn, Producer",Beauty and the Beast,False,Beauty and the Beast-1991,G,22 Nov 1991,84,"Gary Trousdale, Kirk Wise","Linda Woolverton, Brenda Chapman, Chris Sanders","Paige O'Hara, Robby Benson, Jesse Corti","English, French","United States, Japan",Won 2 Oscars. 33 wins & 32 nominations total,95.0,8.0,469489,218967620,,Animation,Family,Fantasy,True
1991,1992,BEST PICTURE,"Mark Johnson, Barry Levinson and Warren Beatty, Producers",Bugsy,False,Bugsy-1991,R,20 Dec 1991,136,Barry Levinson,"James Toback, Dean Jennings","Warren Beatty, Annette Bening, Harvey Keitel",English,United States,Won 2 Oscars. 12 wins & 41 nominations total,80.0,6.8,30329,49114016,,Biography,Crime,Drama,True
1991,1992,BEST PICTURE,"A. Kitman Ho and Oliver Stone, Producers",JFK,False,JFK-1991,R,20 Dec 1991,189,Oliver Stone,"Jim Garrison, Jim Marrs, Oliver Stone","Kevin Costner, Gary Oldman, Jack Lemmon","English, Spanish","United States, France",Won 2 Oscars. 19 wins & 41 nominations total,72.0,8.0,164671,70405498,,Drama,History,Thriller,False
1992,1993,BEST PICTURE,"Ismail Merchant, Producer",Howards End,False,Howards End-1992,PG,26 Feb 1993,142,James Ivory,"E.M. Forster, Ruth Prawer Jhabvala","Anthony Hopkins, Emma Thompson, Vanessa Redgrave","English, German","United Kingdom, Japan, United States",Won 3 Oscars. 32 wins & 49 nominations total,88.0,7.4,34644,26126837,,Drama,Romance,,False
1992,1993,BEST PICTURE,"Martin Brest, Producer",Scent of a Woman,False,Scent of a Woman-1992,R,08 Jan 1993,156,Martin Brest,"Giovanni Arpino, Bo Goldman, Ruggero Maccari","Al Pacino, Chris O'Donnell, James Rebhorn",English,United States,Won 1 Oscar. 6 wins & 14 nominations total,59.0,8.0,316553,63095253,,Drama,,,True
1992,1993,BEST PICTURE,"Clint Eastwood, Producer",Unforgiven,True,Unforgiven-1992,R,07 Aug 1992,130,Clint Eastwood,David Webb Peoples,"Clint Eastwood, Gene Hackman, Morgan Freeman",English,United States,Won 4 Oscars. 50 wins & 47 nominations total,85.0,8.2,425637,101167799,,Drama,Western,,False
1993,1994,BEST PICTURE,"Jim Sheridan, Producer",In the Name of the Father,False,In the Name of the Father-1993,R,25 Feb 1994,133,Jim Sheridan,"Gerry Conlon, Terry George, Jim Sheridan","Daniel Day-Lewis, Pete Postlethwaite, Alison Crosbie",English,"Ireland, United Kingdom",Nominated for 7 Oscars. 7 wins & 41 nominations total,84.0,8.1,182214,25096862,,Biography,Crime,Drama,False
1993,1994,BEST PICTURE,"Jan Chapman, Producer",The Piano,False,The Piano-1993,R,11 Feb 1994,121,Jane Campion,Jane Campion,"Holly Hunter, Harvey Keitel, Sam Neill","English, British Sign , Maori","Australia, France, New Zealand",Won 3 Oscars. 65 wins & 56 nominations total,89.0,7.5,92581,40157856,,Drama,Music,Romance,False
1993,1994,BEST PICTURE,"Steven Spielberg, Gerald R. Molen and Branko Lustig, Producers",Schindler's List,True,Schindler's List-1993,R,04 Feb 1994,195,Steven Spielberg,"Thomas Keneally, Steven Zaillian","Liam Neeson, Ralph Fiennes, Ben Kingsley","English, Hebrew, German, Polish, Latin",United States,Won 7 Oscars. 91 wins & 49 nominations total,95.0,9.0,1404593,96898818,,Biography,Drama,History,True
1994,1995,BEST PICTURE,"Wendy Finerman, Steve Tisch and Steve Starkey, Producers",Forrest Gump,True,Forrest Gump-1994,PG-13,06 Jul 1994,142,Robert Zemeckis,"Winston Groom, Eric Roth","Tom Hanks, Robin Wright, Gary Sinise",English,United States,Won 6 Oscars. 50 wins & 74 nominations total,82.0,8.8,2174144,330455270,,Drama,Romance,,True
1994,1995,BEST PICTURE,"Duncan Kenworthy, Producer",Four Weddings and a Funeral,False,Four Weddings and a Funeral-1994,R,15 Apr 1994,117,Mike Newell,Richard Curtis,"Hugh Grant, Andie MacDowell, James Fleet","English, British Sign ",United Kingdom,Nominated for 2 Oscars. 24 wins & 27 nominations total,81.0,7.1,160450,52700832,,Comedy,Drama,Romance,False
1994,1995,BEST PICTURE,"Lawrence Bender, Producer",Pulp Fiction,False,Pulp Fiction-1994,R,14 Oct 1994,154,Quentin Tarantino,"Quentin Tarantino, Roger Avary","John Travolta, Uma Thurman, Samuel L. Jackson","English, Spanish, French",United States,Won 1 Oscar. 69 wins & 72 nominations total,95.0,8.9,2142709,107928762,,Crime,Drama,,False
1994,1995,BEST PICTURE,"Robert Redford, Michael Jacobs, Julian Krainin and Michael Nozik, Producers",Quiz Show,False,Quiz Show-1994,PG-13,07 Oct 1994,133,Robert Redford,"Paul Attanasio, Richard N. Goodwin","Ralph Fiennes, John Turturro, Rob Morrow",English,United States,Nominated for 4 Oscars. 6 wins & 36 nominations total,92.0,7.5,71928,24822619,,Biography,Drama,History,False
1995,1996,BEST PICTURE,"Brian Grazer, Producer",Apollo 13,False,Apollo 13-1995,PG,30 Jun 1995,140,Ron Howard,"Jim Lovell, Jeffrey Kluger, William Broyles Jr.","Tom Hanks, Bill Paxton, Kevin Bacon",English,"United States, United Kingdom, Canada, Japan",Won 2 Oscars. 29 wins & 59 nominations total,77.0,7.7,306630,173837933,,Adventure,Drama,History,False
1995,1996,BEST PICTURE,"George Miller, Doug Mitchell and Bill Miller, Producers",Babe,False,Babe-1995,G,04 Aug 1995,91,Chris Noonan,"Dick King-Smith, George Miller, Chris Noonan","James Cromwell, Magda Szubanski, Christine Cavanaugh",English,"Australia, United States, United Kingdom",Won 1 Oscar. 20 wins & 26 nominations total,83.0,6.9,130866,63658910,,Comedy,Drama,Family,True
1995,1996,BEST PICTURE,"Mel Gibson, Alan Ladd, Jr. and Bruce Davey, Producers",Braveheart,True,Braveheart-1995,R,24 May 1995,178,Mel Gibson,Randall Wallace,"Mel Gibson, Sophie Marceau, Patrick McGoohan","English, French, Latin, Gaelic, Italian",United States,Won 5 Oscars. 33 wins & 34 nominations total,68.0,8.3,1066757,75609945,,Biography,Drama,History,False
1995,1996,BEST PICTURE,"Lindsay Doran, Producer",Sense and Sensibility,False,Sense and Sensibility-1995,PG,26 Jan 1996,136,Ang Lee,"Jane Austen, Emma Thompson","Emma Thompson, Kate Winslet, James Fleet","English, French","United States, United Kingdom",Won 1 Oscar. 33 wins & 50 nominations total,84.0,7.7,121654,43182776,,Drama,Romance,,True
1996,1997,BEST PICTURE,"Saul Zaentz, Producer",The English Patient,True,The English Patient-1996,R,06 Dec 1996,162,Anthony Minghella,"Michael Ondaatje, Anthony Minghella","Ralph Fiennes, Juliette Binoche, Willem Dafoe","English, German, Italian, Arabic","United States, United Kingdom, Italy",Won 9 Oscars. 62 wins & 77 nominations total,87.0,7.4,196017,78676425,,Drama,Romance,War,True
1996,1997,BEST PICTURE,"Ethan Coen, Producer",Fargo,False,Fargo-1996,R,05 Apr 1996,98,"Joel Coen, Ethan Coen","Ethan Coen, Joel Coen","William H. Macy, Frances McDormand, Steve Buscemi",English,"United States, United Kingdom",Won 2 Oscars. 83 wins & 58 nominations total,86.0,8.1,701519,24611975,,Crime,Thriller,,False
1996,1997,BEST PICTURE,"James L. Brooks, Laurence Mark, Richard Sakai and Cameron Crowe, Producers",Jerry Maguire,False,Jerry Maguire-1996,R,13 Dec 1996,139,Cameron Crowe,Cameron Crowe,"Tom Cruise, Cuba Gooding Jr., Renée Zellweger","English, American Sign ",United States,Won 1 Oscar. 26 wins & 41 nominations total,77.0,7.3,279276,153952592,,Comedy,Drama,Romance,False
1996,1997,BEST PICTURE,"Jane Scott, Producer",Shine,False,Shine-1996,PG-13,14 Feb 1997,105,Scott Hicks,"Jan Sardi, Scott Hicks","Geoffrey Rush, Armin Mueller-Stahl, Justin Braine","English, Yiddish",Australia,Won 1 Oscar. 46 wins & 52 nominations total,87.0,7.6,55707,35892330,,Biography,Drama,Music,False
1997,1998,BEST PICTURE,"James L. Brooks, Bridget Johnson and Kristi Zea, Producers",As Good as It Gets,False,As Good as It Gets-1997,PG-13,25 Dec 1997,139,James L. Brooks,"Mark Andrus, James L. Brooks","Jack Nicholson, Helen Hunt, Greg Kinnear",English,United States,Won 2 Oscars. 38 wins & 54 nominations total,67.0,7.7,310069,148478011,,Comedy,Drama,Romance,True
1997,1998,BEST PICTURE,"Lawrence Bender, Producer",Good Will Hunting,False,Good Will Hunting-1997,R,09 Jan 1998,126,Gus Van Sant,"Matt Damon, Ben Affleck","Robin Williams, Matt Damon, Ben Affleck",English,United States,Won 2 Oscars. 24 wins & 61 nominations total,70.0,8.3,1020596,138433435,,Drama,Romance,,False
1997,1998,BEST PICTURE,"Arnon Milchan, Curtis Hanson and Michael Nathanson, Producers",L.A. Confidential,False,L.A. Confidential-1997,R,19 Sep 1997,138,Curtis Hanson,"James Ellroy, Brian Helgeland, Curtis Hanson","Kevin Spacey, Russell Crowe, Guy Pearce",English,United States,Won 2 Oscars. 91 wins & 86 nominations total,91.0,8.2,598980,64616940,,Crime,Drama,Mystery,False
1997,1998,BEST PICTURE,"James Cameron and Jon Landau, Producers",Titanic,True,Titanic-1997,PG-13,19 Dec 1997,194,James Cameron,James Cameron,"Leonardo DiCaprio, Kate Winslet, Billy Zane","English, Swedish, Italian, French","United States, Mexico",Won 11 Oscars. 126 wins & 83 nominations total,75.0,7.9,1245127,674292608,,Drama,Romance,,True
1998,1999,BEST PICTURE,"Alison Owen, Eric Fellner and Tim Bevan, Producers",Elizabeth,False,Elizabeth-1998,R,19 Feb 1999,124,Shekhar Kapur,Michael Hirst,"Cate Blanchett, Liz Giles, Rod Culbertson","English, French",United Kingdom,Won 1 Oscar. 34 wins & 55 nominations total,75.0,7.4,103029,30082699,,Biography,Drama,History,False
1998,1999,BEST PICTURE,"Steven Spielberg, Ian Bryce, Mark Gordon and Gary Levinsohn, Producers",Saving Private Ryan,False,Saving Private Ryan-1998,R,24 Jul 1998,169,Steven Spielberg,Robert Rodat,"Tom Hanks, Matt Damon, Tom Sizemore","English, French, German, Czech",United States,Won 5 Oscars. 79 wins & 75 nominations total,91.0,8.6,1446765,217049603,,Drama,War,,True
1998,1999,BEST PICTURE,"David Parfitt, Donna Gigliotti, Harvey Weinstein, Edward Zwick and Marc Norman, Producers",Shakespeare in Love,True,Shakespeare in Love-1998,R,08 Jan 1999,123,John Madden,"Marc Norman, Tom Stoppard","Gwyneth Paltrow, Joseph Fiennes, Geoffrey Rush",English,"United States, United Kingdom",Won 7 Oscars. 65 wins & 87 nominations total,87.0,7.1,230750,100317794,,Comedy,Drama,History,True
1999,2000,BEST PICTURE,"Bruce Cohen and Dan Jinks, Producers",American Beauty,True,American Beauty-1999,R,01 Oct 1999,122,Sam Mendes,Alan Ball,"Kevin Spacey, Annette Bening, Thora Birch",English,United States,Won 5 Oscars. 112 wins & 102 nominations total,84.0,8.3,1184677,130096601,,Drama,,,True
1999,2000,BEST PICTURE,"Michael Mann and Pieter Jan Brugge, Producers",The Insider,False,The Insider-1999,R,05 Nov 1999,157,Michael Mann,"Marie Brenner, Eric Roth, Michael Mann","Russell Crowe, Al Pacino, Christopher Plummer","English, Japanese, Arabic, Persian",United States,Nominated for 7 Oscars. 23 wins & 58 nominations total,84.0,7.8,176061,29089912,,Biography,Drama,Thriller,False
2000,2001,BEST PICTURE,"David Brown, Kit Golden and Leslie Holleran, Producers",Chocolat,False,Chocolat-2000,PG-13,19 Jan 2001,121,Lasse Hallström,"Joanne Harris, Robert Nelson Jacobs","Juliette Binoche, Johnny Depp, Judi Dench","English, French","United Kingdom, United States",Nominated for 5 Oscars. 7 wins & 35 nominations total,64.0,7.3,197452,71509363,,Drama,Romance,,False
2000,2001,BEST PICTURE,"Bill Kong, Hsu Li Kong and Ang Lee, Producers","Crouching Tiger, Hidden Dragon",False,"Crouching Tiger, Hidden Dragon-2000",PG-13,12 Jan 2001,120,Ang Lee,"Hui-Ling Wang, James Schamus, Kuo Jung Tsai","Chow Yun-Fat, Michelle Yeoh, Ziyi Zhang","Mandarin, Chinese","Taiwan, Hong Kong, United States, China",Won 4 Oscars. 101 wins & 132 nominations total,94.0,7.9,277405,128530421,,Action,Adventure,Drama,True
2000,2001,BEST PICTURE,"Danny DeVito, Michael Shamberg and Stacey Sher, Producers",Erin Brockovich,False,Erin Brockovich-2000,R,17 Mar 2000,131,Steven Soderbergh,Susannah Grant,"Julia Roberts, Albert Finney, David Brisbin",English,United States,Won 1 Oscar. 33 wins & 59 nominations total,73.0,7.4,211266,125595205,,Biography,Drama,,False
2000,2001,BEST PICTURE,"Douglas Wick, David Franzoni and Branko Lustig, Producers",Gladiator,True,Gladiator-2000,R,05 May 2000,155,Ridley Scott,"David Franzoni, John Logan, William Nicholson","Russell Crowe, Joaquin Phoenix, Connie Nielsen",English,"United States, United Kingdom, Malta, Morocco",Won 5 Oscars. 60 wins & 104 nominations total,67.0,8.5,1559415,187705427,,Action,Adventure,Drama,True
2000,2001,BEST PICTURE,"Edward Zwick, Marshall Herskovitz and Laura Bickford, Producers",Traffic,False,Traffic-2000,R,05 Jan 2001,147,Steven Soderbergh,"Simon Moore, Stephen Gaghan","Michael Douglas, Benicio Del Toro, Catherine Zeta-Jones","English, Spanish","United States, Germany",Won 4 Oscars. 73 wins & 86 nominations total,86.0,7.6,215465,124115725,,Crime,Drama,Thriller,False
2001,2002,BEST PICTURE,"Brian Grazer and Ron Howard, Producers",A Beautiful Mind,True,A Beautiful Mind-2001,PG-13,04 Jan 2002,135,Ron Howard,"Akiva Goldsman, Sylvia Nasar","Russell Crowe, Ed Harris, Jennifer Connelly",English,United States,Won 4 Oscars. 37 wins & 69 nominations total,72.0,8.2,960176,170742341,,Biography,Drama,,True
2001,2002,BEST PICTURE,"Robert Altman, Bob Balaban and David Levy, Producers",Gosford Park,False,Gosford Park-2001,R,18 Jan 2002,137,Robert Altman,"Julian Fellowes, Robert Altman, Bob Balaban","Maggie Smith, Ryan Phillippe, Michael Gambon","English, Latin","United States, United Kingdom, Italy",Won 1 Oscar. 36 wins & 74 nominations total,90.0,7.2,91497,41308615,,Comedy,Drama,Mystery,False
2001,2002,BEST PICTURE,"Graham Leader, Ross Katz and Todd Field, Producers",In the Bedroom,False,In the Bedroom-2001,R,08 Feb 2002,131,Todd Field,"Andre Dubus, Robert Festinger, Todd Field","Tom Wilkinson, Sissy Spacek, Nick Stahl","English, Serbo-Croatian",United States,Nominated for 5 Oscars. 39 wins & 75 nominations total,86.0,7.4,41372,35930604,,Crime,Drama,,False
2001,2002,BEST PICTURE,"Peter Jackson, Fran Walsh and Barrie M. Osborne, Producers",The Lord of the Rings: The Fellowship of the Ring,False,The Lord of the Rings: The Fellowship of the Ring-2001,PG-13,19 Dec 2001,178,Peter Jackson,"J.R.R. Tolkien, Fran Walsh, Philippa Boyens","Elijah Wood, Ian McKellen, Orlando Bloom","English, Sindarin","New Zealand, United States",Won 4 Oscars. 125 wins & 127 nominations total,92.0,8.8,1941454,316115420,,Action,Adventure,Drama,False
2002,2003,BEST PICTURE,"Martin Richards, Producer",Chicago,True,Chicago-2002,PG-13,24 Jan 2003,113,Rob Marshall,"Bill Condon, Bob Fosse, Fred Ebb","Renée Zellweger, Catherine Zeta-Jones, Richard Gere","English, Hungarian","United States, Germany, Canada, United Kingdom",Won 6 Oscars. 58 wins & 129 nominations total,81.0,7.2,237246,170687518,,Comedy,Crime,Musical,True
2002,2003,BEST PICTURE,"Alberto Grimaldi and Harvey Weinstein, Producers",Gangs of New York,False,Gangs of New York-2002,R,20 Dec 2002,167,Martin Scorsese,"Jay Cocks, Steven Zaillian, Kenneth Lonergan","Leonardo DiCaprio, Cameron Diaz, Daniel Day-Lewis","English, Irish Gaelic, Chinese, Latin","Italy, United States",Nominated for 10 Oscars. 50 wins & 135 nominations total,72.0,7.5,458094,77812000,,Crime,Drama,,False
2002,2003,BEST PICTURE,"Scott Rudin and Robert Fox, Producers",The Hours,False,The Hours-2002,PG-13,14 Feb 2003,110,Stephen Daldry,"Michael Cunningham, David Hare","Meryl Streep, Nicole Kidman, Julianne Moore",English,"United States, United Kingdom, France, Canada, Germany",Won 1 Oscar. 43 wins & 126 nominations total,80.0,7.5,135973,41675994,,Drama,Romance,,True
2003,2004,BEST PICTURE,"Barrie M. Osborne, Peter Jackson and Fran Walsh, Producers",The Lord of the Rings: The Return of the King,True,The Lord of the Rings: The Return of the King-2003,PG-13,17 Dec 2003,201,Peter Jackson,"J.R.R. Tolkien, Fran Walsh, Philippa Boyens","Elijah Wood, Viggo Mortensen, Ian McKellen","English, Quenya, Old English, Sindarin","New Zealand, United States",Won 11 Oscars. 215 wins & 124 nominations total,94.0,9.0,1913042,379427292,,Action,Adventure,Drama,True
2003,2004,BEST PICTURE,"Ross Katz and Sofia Coppola, Producers",Lost in Translation,False,Lost in Translation-2003,R,03 Oct 2003,102,Sofia Coppola,Sofia Coppola,"Bill Murray, Scarlett Johansson, Giovanni Ribisi","English, Japanese, German, French","United States, Japan",Won 1 Oscar. 97 wins & 133 nominations total,91.0,7.7,473134,44585453,,Comedy,Drama,,True
2003,2004,BEST PICTURE,"Samuel Goldwyn, Jr., Peter Weir and Duncan Henderson, Producers",Master and Commander: The Far Side of the World,False,Master and Commander: The Far Side of the World-2003,PG-13,14 Nov 2003,138,Peter Weir,"Patrick O'Brian, Peter Weir, John Collee","Russell Crowe, Paul Bettany, Billy Boyd","English, French, Portuguese",United States,Won 2 Oscars. 23 wins & 90 nominations total,81.0,7.5,231106,93927920,,Action,Adventure,Drama,False
2003,2004,BEST PICTURE,"Robert Lorenz, Judie G. Hoyt and Clint Eastwood, Producers",Mystic River,False,Mystic River-2003,R,15 Oct 2003,138,Clint Eastwood,"Brian Helgeland, Dennis Lehane","Sean Penn, Tim Robbins, Kevin Bacon",English,"United States, Australia",Won 2 Oscars. 56 wins & 144 nominations total,84.0,7.9,472628,90135191,,Crime,Drama,Mystery,False
2003,2004,BEST PICTURE,"Kathleen Kennedy, Frank Marshall and Gary Ross, Producers",Seabiscuit,False,Seabiscuit-2003,PG-13,25 Jul 2003,140,Gary Ross,"Laura Hillenbrand, Gary Ross","Tobey Maguire, Jeff Bridges, Elizabeth Banks",English,United States,Nominated for 7 Oscars. 6 wins & 44 nominations total,72.0,7.3,75611,120277854,,Drama,History,Sport,False
2004,2005,BEST PICTURE,"Michael Mann and Graham King, Producers",The Aviator,False,The Aviator-2004,PG-13,25 Dec 2004,170,Martin Scorsese,John Logan,"Leonardo DiCaprio, Cate Blanchett, Kate Beckinsale","English, Persian","United States, Germany",Won 5 Oscars. 89 wins & 131 nominations total,77.0,7.5,375095,102610330,,Biography,Drama,,True
2004,2005,BEST PICTURE,"Richard N. Gladstein and Nellie Bellflower, Producers",Finding Neverland,False,Finding Neverland-2004,PG,17 Dec 2004,106,Marc Forster,"Allan Knee, David Magee","Johnny Depp, Kate Winslet, Julie Christie",English,"United States, United Kingdom",Won 1 Oscar. 19 wins & 81 nominations total,67.0,7.7,209657,51680613,,Biography,Drama,Family,False
2004,2005,BEST PICTURE,"Clint Eastwood, Albert S. Ruddy and Tom Rosenberg, Producers",Million Dollar Baby,True,Million Dollar Baby-2004,PG-13,28 Jan 2005,132,Clint Eastwood,"Paul Haggis, F.X. Toole","Hilary Swank, Clint Eastwood, Morgan Freeman","English, Irish Gaelic",United States,Won 4 Oscars. 67 wins & 86 nominations total,86.0,8.1,706248,100492203,,Drama,Sport,,False
2004,2005,BEST PICTURE,"Taylor Hackford, Stuart Benjamin and Howard Baldwin, Producers",Ray,False,Ray-2004,PG-13,29 Oct 2004,152,Taylor Hackford,"Taylor Hackford, James L. White","Jamie Foxx, Regina King, Kerry Washington",English,United States,Won 2 Oscars. 53 wins & 55 nominations total,73.0,7.7,153599,75331600,,Biography,Drama,Music,False
2004,2005,BEST PICTURE,"Michael London, Producer",Sideways,False,Sideways-2004,R,22 Oct 2004,127,Alexander Payne,"Rex Pickett, Alexander Payne, Jim Taylor","Paul Giamatti, Thomas Haden Church, Virginia Madsen","English, Armenian, French","United States, Hungary",Won 1 Oscar. 122 wins & 91 nominations total,94.0,7.5,197482,71503593,,Comedy,Drama,Romance,True
2005,2006,BEST PICTURE,"Diana Ossana and James Schamus, Producers",Brokeback Mountain,False,Brokeback Mountain-2005,R,13 Jan 2006,134,Ang Lee,"Annie Proulx, Larry McMurtry, Diana Ossana","Jake Gyllenhaal, Heath Ledger, Michelle Williams","English, Spanish","United States, Canada",Won 3 Oscars. 141 wins & 133 nominations total,87.0,7.7,371620,83043761,,Drama,Romance,,True
2006,2007,BEST PICTURE,"Alejandro González Iñárritu, Jon Kilik and Steve Golin, Producers",Babel,False,Babel-2006,R,10 Nov 2006,143,Alejandro G. Iñárritu,"Guillermo Arriaga, Alejandro G. Iñárritu","Brad Pitt, Cate Blanchett, Gael García Bernal","English, Arabic, Spanish, Japanese, Berber languages, French, Russian, Japanese Sign ","United States, Mexico, France",Won 1 Oscar. 43 wins & 137 nominations total,69.0,7.5,311095,34302837,,Drama,,,True
2006,2007,BEST PICTURE,"Clint Eastwood, Steven Spielberg and Robert Lorenz, Producers",Letters from Iwo Jima,False,Letters from Iwo Jima-2006,R,02 Feb 2007,141,Clint Eastwood,"Iris Yamashita, Paul Haggis, Tadamichi Kuribayashi","Ken Watanabe, Kazunari Ninomiya, Tsuyoshi Ihara","Japanese, English",United States,Won 1 Oscar. 25 wins & 39 nominations total,89.0,7.8,167546,13756082,,Action,Adventure,Drama,True
2006,2007,BEST PICTURE,"David T. Friendly, Peter Saraf and Marc Turtletaub, Producers",Little Miss Sunshine,False,Little Miss Sunshine-2006,R,18 Aug 2006,101,"Jonathan Dayton, Valerie Faris",Michael Arndt,"Steve Carell, Toni Collette, Greg Kinnear",English,United States,Won 2 Oscars. 72 wins & 112 nominations total,80.0,7.8,502090,59891098,,Comedy,Drama,,False
2007,2008,BEST PICTURE,"Tim Bevan, Eric Fellner and Paul Webster, Producers",Atonement,False,Atonement-2007,R,11 Jan 2008,123,Joe Wright,"Ian McEwan, Christopher Hampton","Keira Knightley, James McAvoy, Brenda Blethyn","English, French","United Kingdom, France, United States",Won 1 Oscar. 52 wins & 150 nominations total,85.0,7.8,291511,50927067,,Drama,Mystery,Romance,True
2007,2008,BEST PICTURE,"Lianne Halfon, Mason Novick and Russell Smith, Producers",Juno,False,Juno-2007,PG-13,25 Dec 2007,96,Jason Reitman,Diablo Cody,"Elliot Page, Michael Cera, Jennifer Garner","English, Spanish",United States,Won 1 Oscar. 90 wins & 101 nominations total,81.0,7.5,539413,143495265,,Comedy,Drama,,False
2007,2008,BEST PICTURE,"Sydney Pollack, Jennifer Fox and Kerry Orent, Producers",Michael Clayton,False,Michael Clayton-2007,R,12 Oct 2007,119,Tony Gilroy,Tony Gilroy,"George Clooney, Tilda Swinton, Tom Wilkinson",English,United States,Won 1 Oscar. 28 wins & 114 nominations total,82.0,7.2,170672,49033882,,Crime,Drama,Mystery,False
2007,2008,BEST PICTURE,"Scott Rudin, Ethan Coen and Joel Coen, Producers",No Country for Old Men,True,No Country for Old Men-2007,R,21 Nov 2007,122,"Ethan Coen, Joel Coen","Joel Coen, Ethan Coen, Cormac McCarthy","Tommy Lee Jones, Javier Bardem, Josh Brolin","English, Spanish",United States,Won 4 Oscars. 164 wins & 139 nominations total,92.0,8.2,1020221,74283625,,Crime,Drama,Thriller,False
2007,2008,BEST PICTURE,"JoAnne Sellar, Paul Thomas Anderson and Daniel Lupi, Producers",There Will Be Blood,False,There Will Be Blood-2007,R,25 Jan 2008,158,Paul Thomas Anderson,"Paul Thomas Anderson, Upton Sinclair","Daniel Day-Lewis, Paul Dano, Ciarán Hinds","English, American Sign ",United States,Won 2 Oscars. 114 wins & 138 nominations total,93.0,8.2,614803,40222514,,Drama,,,False
2008,2009,BEST PICTURE,"Kathleen Kennedy, Frank Marshall and Ceán Chaffin, Producers",The Curious Case of Benjamin Button,False,The Curious Case of Benjamin Button-2008,PG-13,25 Dec 2008,166,David Fincher,"Eric Roth, Robin Swicord, F. Scott Fitzgerald","Brad Pitt, Cate Blanchett, Tilda Swinton","English, Russian, French",United States,Won 3 Oscars. 85 wins & 160 nominations total,70.0,7.8,676878,127509326,,Drama,Fantasy,Romance,False
2008,2009,BEST PICTURE,"Brian Grazer, Ron Howard and Eric Fellner, Producers",Frost/Nixon,False,Frost/Nixon-2008,R,23 Jan 2009,122,Ron Howard,Peter Morgan,"Frank Langella, Michael Sheen, Kevin Bacon",English,"United Kingdom, France, United States",Nominated for 5 Oscars. 23 wins & 81 nominations total,80.0,7.7,110762,18622031,,Biography,Drama,History,False
2008,2009,BEST PICTURE,"Christian Colson, Producer",Slumdog Millionaire,True,Slumdog Millionaire-2008,R,25 Dec 2008,120,"Danny Boyle, Loveleen Tandan","Simon Beaufoy, Vikas Swarup","Dev Patel, Freida Pinto, Saurabh Shukla","English, Hindi, French, German","United Kingdom, United States, France",Won 8 Oscars. 153 wins & 133 nominations total,84.0,8.0,864767,141319928,,Crime,Drama,Romance,True
2009,2010,BEST PICTURE,"James Cameron and Jon Landau, Producers",Avatar,False,Avatar-2009,PG-13,18 Dec 2009,162,James Cameron,James Cameron,"Sam Worthington, Zoe Saldana, Sigourney Weaver","English, Spanish",United States,Won 3 Oscars. 89 wins & 131 nominations total,83.0,7.9,1359455,785221649,,Action,Adventure,Fantasy,True
2009,2010,BEST PICTURE,"Lawrence Bender, Producer",Inglourious Basterds,False,Inglourious Basterds-2009,R,21 Aug 2009,153,Quentin Tarantino,Quentin Tarantino,"Brad Pitt, Diane Kruger, Eli Roth","English, German, French, Italian","Germany, United States",Won 1 Oscar. 134 wins & 172 nominations total,69.0,8.3,1520799,120540719,,Adventure,Drama,War,False
2010,2011,BEST PICTURE,"Mike Medavoy, Brian Oliver and Scott Franklin, Producers",Black Swan,False,Black Swan-2010,R,17 Dec 2010,108,Darren Aronofsky,"Mark Heyman, Andres Heinz, John J. McLaughlin","Natalie Portman, Mila Kunis, Vincent Cassel","English, French, Italian",United States,Won 1 Oscar. 97 wins & 279 nominations total,79.0,8.0,798124,106954678,,Drama,Thriller,,False
2010,2011,BEST PICTURE,"Emma Thomas and Christopher Nolan, Producers",Inception,False,Inception-2010,PG-13,16 Jul 2010,148,Christopher Nolan,Christopher Nolan,"Leonardo DiCaprio, Joseph Gordon-Levitt, Elliot Page","English, Japanese, French","United States, United Kingdom",Won 4 Oscars. 159 wins & 220 nominations total,74.0,8.8,2462841,292587330,,Action,Adventure,Sci-Fi,False
2010,2011,BEST PICTURE,"Iain Canning, Emile Sherman and Gareth Unwin, Producers",The King's Speech,True,The King's Speech-2010,R,25 Dec 2010,118,Tom Hooper,David Seidler,"Colin Firth, Geoffrey Rush, Helena Bonham Carter",English,"United Kingdom, United States",Won 4 Oscars. 108 wins & 206 nominations total,88.0,8.0,696401,138797449,,Biography,Drama,History,False
2010,2011,BEST PICTURE,"Scott Rudin, Dana Brunetti, Michael De Luca and Ceán Chaffin, Producers",The Social Network,False,The Social Network-2010,PG-13,01 Oct 2010,120,David Fincher,"Aaron Sorkin, Ben Mezrich","Jesse Eisenberg, Andrew Garfield, Justin Timberlake","English, French",United States,Won 3 Oscars. 173 wins & 186 nominations total,95.0,7.8,735077,96962694,,Biography,Drama,,True
2011,2012,BEST PICTURE,"Thomas Langmann, Producer",The Artist,True,The Artist-2011,PG-13,20 Jan 2012,100,Michel Hazanavicius,Michel Hazanavicius,"Jean Dujardin, Bérénice Bejo, John Goodman","English, French","France, Belgium, United States",Won 5 Oscars. 162 wins & 204 nominations total,89.0,7.9,245985,44671682,,Comedy,Drama,Romance,True
2011,2012,BEST PICTURE,"Brunson Green, Chris Columbus and Michael Barnathan, Producers",The Help,False,The Help-2011,PG-13,10 Aug 2011,146,Tate Taylor,"Tate Taylor, Kathryn Stockett","Viola Davis, Emma Stone, Octavia Spencer",English,"United States, India",Won 1 Oscar. 79 wins & 121 nominations total,62.0,8.1,478882,169708112,,Drama,,,False
2011,2012,BEST PICTURE,"Graham King and Martin Scorsese, Producers",Hugo,False,Hugo-2011,PG,23 Nov 2011,126,Martin Scorsese,"John Logan, Brian Selznick","Asa Butterfield, Chloë Grace Moretz, Christopher Lee",English,"United States, United Kingdom, France",Won 5 Oscars. 61 wins & 192 nominations total,83.0,7.5,330774,73864507,,Adventure,Drama,Family,False
2011,2012,BEST PICTURE,"Michael De Luca, Rachael Horovitz and Brad Pitt, Producers",Moneyball,False,Moneyball-2011,PG-13,23 Sep 2011,133,Bennett Miller,"Steven Zaillian, Aaron Sorkin, Stan Chervin","Brad Pitt, Robin Wright, Jonah Hill",English,United States,Nominated for 6 Oscars. 29 wins & 82 nominations total,87.0,7.6,448123,75605492,,Biography,Drama,Sport,False
2011,2012,BEST PICTURE,"Steven Spielberg and Kathleen Kennedy, Producers",War Horse,False,War Horse-2011,PG-13,25 Dec 2011,146,Steven Spielberg,"Lee Hall, Richard Curtis, Michael Morpurgo","Jeremy Irvine, Emily Watson, David Thewlis","English, German","United States, India",Nominated for 6 Oscars. 15 wins & 76 nominations total,72.0,7.2,162578,79884879,,Action,Adventure,Drama,False
2012,2013,BEST PICTURE,"Margaret Menegoz, Stefan Arndt, Veit Heiduschka and Michael Katz, Producers",Amour,False,Amour-2012,PG-13,20 Sep 2012,127,Michael Haneke,Michael Haneke,"Jean-Louis Trintignant, Emmanuelle Riva, Isabelle Huppert","French, English","Austria, France, Germany",Won 1 Oscar. 84 wins & 108 nominations total,95.0,7.9,103615,6739492,,Drama,,,True
2012,2013,BEST PICTURE,"Grant Heslov, Ben Affleck and George Clooney, Producers",Argo,True,Argo-2012,R,12 Oct 2012,120,Ben Affleck,"Chris Terrio, Tony Mendez, Joshuah Bearman","Ben Affleck, Bryan Cranston, John Goodman","English, Persian, German, Arabic","United Kingdom, United States",Won 3 Oscars. 95 wins & 156 nominations total,86.0,7.7,629307,136025503,,Biography,Drama,Thriller,True
2012,2013,BEST PICTURE,"Stacey Sher, Reginald Hudlin and Pilar Savone, Producers",Django Unchained,False,Django Unchained-2012,R,25 Dec 2012,165,Quentin Tarantino,Quentin Tarantino,"Jamie Foxx, Christoph Waltz, Leonardo DiCaprio","English, German, French, Italian",United States,Won 2 Oscars. 58 wins & 158 nominations total,81.0,8.5,1631030,162805434,,Drama,Western,,False
2012,2013,BEST PICTURE,"Tim Bevan, Eric Fellner, Debra Hayward and Cameron Mackintosh, Producers",Les Misérables,False,Les Misérables-2012,PG-13,25 Dec 2012,158,Tom Hooper,"William Nicholson, Alain Boublil, Claude-Michel Schönberg","Hugh Jackman, Russell Crowe, Anne Hathaway",English,"United Kingdom, United States",Won 3 Oscars. 85 wins & 177 nominations total,63.0,7.5,339735,148809770,,Drama,Musical,Romance,True
2012,2013,BEST PICTURE,"Gil Netter, Ang Lee and David Womark, Producers",Life of Pi,False,Life of Pi-2012,PG,21 Nov 2012,127,Ang Lee,"Yann Martel, David Magee","Suraj Sharma, Irrfan Khan, Adil Hussain","English, Hindi, Japanese, French","United States, Taiwan, United Kingdom, Canada, India, France",Won 4 Oscars. 81 wins & 134 nominations total,79.0,7.9,651547,124987023,,Adventure,Drama,Fantasy,False
2012,2013,BEST PICTURE,"Steven Spielberg and Kathleen Kennedy, Producers",Lincoln,False,Lincoln-2012,PG-13,16 Nov 2012,150,Steven Spielberg,"Tony Kushner, Doris Kearns Goodwin","Daniel Day-Lewis, Sally Field, David Strathairn",English,"United States, India",Won 2 Oscars. 107 wins & 251 nominations total,87.0,7.3,267634,182207973,,Biography,Drama,History,False
2012,2013,BEST PICTURE,"Donna Gigliotti, Bruce Cohen and Jonathan Gordon, Producers",Silver Linings Playbook,False,Silver Linings Playbook-2012,R,25 Dec 2012,122,David O. Russell,"David O. Russell, Matthew Quick","Bradley Cooper, Jennifer Lawrence, Robert De Niro",English,United States,Won 1 Oscar. 89 wins & 148 nominations total,81.0,7.7,728355,132092958,,Comedy,Drama,Romance,False
2013,2014,BEST PICTURE,"Charles Roven, Richard Suckle, Megan Ellison and Jonathan Gordon, Producers",American Hustle,False,American Hustle-2013,R,20 Dec 2013,138,David O. Russell,"Eric Warren Singer, David O. Russell","Christian Bale, Amy Adams, Bradley Cooper","English, Arabic","United States, China",Nominated for 10 Oscars. 70 wins & 227 nominations total,90.0,7.2,493019,150117807,,Crime,Drama,,True
2013,2014,BEST PICTURE,"Scott Rudin, Dana Brunetti and Michael De Luca, Producers",Captain Phillips,False,Captain Phillips-2013,PG-13,11 Oct 2013,134,Paul Greengrass,"Billy Ray, Richard Phillips, Stephan Talty","Tom Hanks, Barkhad Abdi, Barkhad Abdirahman","English, Somali",United States,Nominated for 6 Oscars. 16 wins & 154 nominations total,82.0,7.8,480040,107100855,,Action,Biography,Crime,False
2013,2014,BEST PICTURE,"Alfonso Cuarón and David Heyman, Producers",Gravity,False,Gravity-2013,PG-13,04 Oct 2013,91,Alfonso Cuarón,"Alfonso Cuarón, Jonás Cuarón","Sandra Bullock, George Clooney, Ed Harris","English, Greenlandic","United Kingdom, United States",Won 7 Oscars. 240 wins & 187 nominations total,96.0,7.7,847167,274092705,,Drama,Sci-Fi,Thriller,False
2013,2014,BEST PICTURE,"Megan Ellison, Spike Jonze and Vincent Landay, Producers",Her,False,Her-2013,R,10 Jan 2014,126,Spike Jonze,Spike Jonze,"Joaquin Phoenix, Amy Adams, Scarlett Johansson",English,United States,Won 1 Oscar. 83 wins & 186 nominations total,91.0,8.0,646262,25568251,,Drama,Romance,Sci-Fi,False
2013,2014,BEST PICTURE,"Albert Berger and Ron Yerxa, Producers",Nebraska,False,Nebraska-2013,R,24 Jan 2014,115,Alexander Payne,Bob Nelson,"Bruce Dern, Will Forte, June Squibb","English, Spanish",United States,Nominated for 6 Oscars. 29 wins & 169 nominations total,86.0,7.7,120879,17654912,,Drama,,,False
2013,2014,BEST PICTURE,"Gabrielle Tana, Steve Coogan and Tracey Seaward, Producers",Philomena,False,Philomena-2013,PG-13,27 Nov 2013,98,Stephen Frears,"Steve Coogan, Jeff Pope, Martin Sixsmith","Judi Dench, Steve Coogan, Sophie Kennedy Clark",English,"United Kingdom, France, United States",Nominated for 4 Oscars. 33 wins & 86 nominations total,77.0,7.6,102433,37709979,,Biography,Comedy,Drama,False
2013,2014,BEST PICTURE,"Brad Pitt, Dede Gardner, Jeremy Kleiner, Steve McQueen and Anthony Katagas, Producers",12 Years a Slave,True,12 Years a Slave-2013,R,08 Nov 2013,134,Steve McQueen,"John Ridley, Solomon Northup","Chiwetel Ejiofor, Michael Kenneth Williams, Michael Fassbender",English,"United States, United Kingdom",Won 3 Oscars. 242 wins & 337 nominations total,96.0,8.1,723819,56671993,,Biography,Drama,History,True
2014,2015,BEST PICTURE,"Richard Linklater and Cathleen Sutherland, Producers",Boyhood,False,Boyhood-2014,R,15 Aug 2014,165,Richard Linklater,Richard Linklater,"Ellar Coltrane, Patricia Arquette, Ethan Hawke","English, Spanish, Ukrainian, Arabic",United States,Won 1 Oscar. 175 wins & 218 nominations total,100.0,7.9,362478,25352281,,Drama,,,True
2014,2015,BEST PICTURE,"Nora Grossman, Ido Ostrowsky and Teddy Schwarzman, Producers",The Imitation Game,False,The Imitation Game-2014,PG-13,25 Dec 2014,114,Morten Tyldum,"Graham Moore, Andrew Hodges","Benedict Cumberbatch, Keira Knightley, Matthew Goode","English, German","United Kingdom, United States",Won 1 Oscar. 49 wins & 165 nominations total,71.0,8.0,801300,91125683,,Biography,Drama,Thriller,False
2014,2015,BEST PICTURE,"Christian Colson, Oprah Winfrey, Dede Gardner and Jeremy Kleiner, Producers",Selma,False,Selma-2014,PG-13,09 Jan 2015,128,Ava DuVernay,Paul Webb,"David Oyelowo, Carmen Ejogo, Oprah Winfrey",English,"United Kingdom, France, United States",Won 1 Oscar. 58 wins & 91 nominations total,79.0,7.5,93809,52076908,,Biography,Drama,History,False
2014,2015,BEST PICTURE,"Tim Bevan, Eric Fellner, Lisa Bruce and Anthony McCarten, Producers",The Theory of Everything,False,The Theory of Everything-2014,PG-13,26 Nov 2014,123,James Marsh,"Anthony McCarten, Jane Hawking","Eddie Redmayne, Felicity Jones, Tom Prior","English, French, Ukrainian","United Kingdom, Japan",Won 1 Oscar. 25 wins & 126 nominations total,71.0,7.7,469868,35893537,,Biography,Drama,Romance,False
2015,2016,BEST PICTURE,"Doug Mitchell and George Miller, Producers",Mad Max: Fury Road,False,Mad Max: Fury Road-2015,R,15 May 2015,120,George Miller,"George Miller, Brendan McCarthy, Nick Lathouris","Tom Hardy, Charlize Theron, Nicholas Hoult","English, Russian",Australia,Won 6 Oscars. 245 wins & 233 nominations total,90.0,8.1,1046268,154280290,,Action,Adventure,Sci-Fi,False
2015,2016,BEST PICTURE,"Simon Kinberg, Ridley Scott, Michael Schaefer and Mark Huffam, Producers",The Martian,False,The Martian-2015,PG-13,02 Oct 2015,144,Ridley Scott,"Drew Goddard, Andy Weir","Matt Damon, Jessica Chastain, Kristen Wiig","English, Mandarin","United States, United Kingdom, Hungary, Jordan",Nominated for 7 Oscars. 40 wins & 199 nominations total,80.0,8.0,893095,228433663,,Adventure,Drama,Sci-Fi,True
2015,2016,BEST PICTURE,"Arnon Milchan, Steve Golin, Alejandro G. Iñárritu, Mary Parent and Keith Redmon, Producers",The Revenant,False,The Revenant-2015,R,08 Jan 2016,156,Alejandro G. Iñárritu,"Mark L. Smith, Alejandro G. Iñárritu, Michael Punke","Leonardo DiCaprio, Tom Hardy, Will Poulter","English, Pawnee, French","Hong Kong, Taiwan, United States",Won 3 Oscars. 90 wins & 188 nominations total,76.0,8.0,841575,183637894,,Action,Adventure,Drama,True
2015,2016,BEST PICTURE,"Ed Guiney, Producer",Room,False,Room-2015,R,22 Jan 2016,118,Lenny Abrahamson,Emma Donoghue,"Brie Larson, Jacob Tremblay, Sean Bridgers",English,"Ireland, Canada, United Kingdom, United States",Won 1 Oscar. 108 wins & 141 nominations total,86.0,8.1,437117,14677654,,Drama,Thriller,,False
2015,2016,BEST PICTURE,"Michael Sugar, Steve Golin, Nicole Rocklin and Blye Pagon Faust, Producers",Spotlight,True,Spotlight-2015,R,20 Nov 2015,129,Tom McCarthy,"Josh Singer, Tom McCarthy","Mark Ruffalo, Michael Keaton, Rachel McAdams",English,United States,Won 2 Oscars. 124 wins & 144 nominations total,93.0,8.1,488010,45055776,,Biography,Crime,Drama,False
2016,2017,BEST PICTURE,"Bill Mechanic and David Permut, Producers",Hacksaw Ridge,False,Hacksaw Ridge-2016,R,04 Nov 2016,139,Mel Gibson,"Robert Schenkkan, Andrew Knight","Andrew Garfield, Sam Worthington, Luke Bracey","English, Japanese","Australia, United States, United Kingdom, China",Won 2 Oscars. 56 wins & 115 nominations total,71.0,8.1,562086,67209615,,Biography,Drama,History,False
2016,2017,BEST PICTURE,"Carla Hacken and Julie Yorn, Producers",Hell or High Water,False,Hell or High Water-2016,R,26 Aug 2016,102,David Mackenzie,Taylor Sheridan,"Chris Pine, Ben Foster, Jeff Bridges",English,United States,Nominated for 4 Oscars. 47 wins & 174 nominations total,88.0,7.6,242120,27007844,,Crime,Drama,Thriller,False
2016,2017,BEST PICTURE,"Fred Berger, Jordan Horowitz and Marc Platt, Producers",La La Land,False,La La Land-2016,PG-13,25 Dec 2016,128,Damien Chazelle,Damien Chazelle,"Ryan Gosling, Emma Stone, Rosemarie DeWitt","English, Cantonese","United States, Hong Kong",Won 6 Oscars. 240 wins & 295 nominations total,94.0,8.0,632416,151101803,,Comedy,Drama,Music,True
2016,2017,BEST PICTURE,"Emile Sherman, Iain Canning and Angie Fielder, Producers",Lion,False,Lion-2016,PG-13,06 Jan 2017,118,Garth Davis,"Saroo Brierley, Luke Davies","Dev Patel, Nicole Kidman, Rooney Mara","English, Hindi, Bengali","Australia, United Kingdom, United States, India",Nominated for 6 Oscars. 59 wins & 110 nominations total,69.0,8.0,244971,51738905,,Biography,Drama,,False
2016,2017,BEST PICTURE,"Matt Damon, Kimberly Steward, Chris Moore, Lauren Beck and Kevin J. Walsh, Producers",Manchester by the Sea,False,Manchester by the Sea-2016,R,16 Dec 2016,137,Kenneth Lonergan,Kenneth Lonergan,"Casey Affleck, Michelle Williams, Kyle Chandler",English,United States,Won 2 Oscars. 128 wins & 266 nominations total,96.0,7.8,299595,47695371,,Drama,,,False
2016,2017,BEST PICTURE,"Adele Romanski, Dede Gardner and Jeremy Kleiner, Producers",Moonlight,True,Moonlight-2016,R,18 Nov 2016,111,Barry Jenkins,"Barry Jenkins, Tarell Alvin McCraney","Mahershala Ali, Naomie Harris, Trevante Rhodes",English,United States,Won 3 Oscars. 231 wins & 300 nominations total,99.0,7.4,322481,27854932,,Drama,,,True
2017,2018,BEST PICTURE,"Emma Thomas and Christopher Nolan, Producers",Dunkirk,False,Dunkirk-2017,PG-13,21 Jul 2017,106,Christopher Nolan,Christopher Nolan,"Fionn Whitehead, Barry Keoghan, Mark Rylance","English, French, German","United Kingdom, Netherlands, France, United States",Won 3 Oscars. 65 wins & 233 nominations total,94.0,7.8,710090,189740665,,Action,Drama,History,False
2017,2018,BEST PICTURE,"Sean McKittrick, Jason Blum, Edward H. Hamm Jr. and Jordan Peele, Producers",Get Out,False,Get Out-2017,R,24 Feb 2017,104,Jordan Peele,Jordan Peele,"Daniel Kaluuya, Allison Williams, Bradley Whitford","English, Swahili","United States, Japan",Won 1 Oscar. 152 wins & 207 nominations total,85.0,7.8,654642,176196665,"Universal Pictures, QC Entertainment, Blumhouse Productions",Horror,Mystery,Thriller,False
2017,2018,BEST PICTURE,"Scott Rudin, Eli Bush and Evelyn O'Neill, Producers",Lady Bird,False,Lady Bird-2017,R,01 Dec 2017,94,Greta Gerwig,Greta Gerwig,"Saoirse Ronan, Laurie Metcalf, Tracy Letts","English, Spanish",United States,Nominated for 5 Oscars. 122 wins & 226 nominations total,93.0,7.4,313061,48958273,,Comedy,Drama,,True
2017,2018,BEST PICTURE,"Amy Pascal, Steven Spielberg and Kristie Macosko Krieger, Producers",The Post,False,The Post-2017,PG-13,12 Jan 2018,116,Steven Spielberg,"Liz Hannah, Josh Singer","Meryl Streep, Tom Hanks, Sarah Paulson",English,"United States, United Kingdom, India",Nominated for 2 Oscars. 21 wins & 113 nominations total,83.0,7.2,157648,81903458,,Biography,Drama,History,False
2017,2018,BEST PICTURE,"Guillermo del Toro and J. Miles Dale, Producers",The Shape of Water,True,The Shape of Water-2017,R,22 Dec 2017,123,Guillermo del Toro,"Guillermo del Toro, Vanessa Taylor","Sally Hawkins, Octavia Spencer, Michael Shannon","English, American Sign , Russian, French","United States, Mexico",Won 4 Oscars. 136 wins & 350 nominations total,87.0,7.3,436694,63859435,,Drama,Fantasy,Romance,False
2018,2019,BEST PICTURE,"Kevin Feige, Producer",Black Panther,False,Black Panther-2018,PG-13,16 Feb 2018,134,Ryan Coogler,"Ryan Coogler, Joe Robert Cole, Stan Lee","Chadwick Boseman, Michael B. Jordan, Lupita Nyong'o","English, Swahili, Nama, Xhosa, Korean",United States,Won 3 Oscars. 120 wins & 287 nominations total,88.0,7.3,813981,700426566,,Action,Adventure,Sci-Fi,False
2018,2019,BEST PICTURE,"Sean McKittrick, Jason Blum, Raymond Mansfield, Jordan Peele and Spike Lee, Producers",BlacKkKlansman,False,BlacKkKlansman-2018,R,10 Aug 2018,135,Spike Lee,"Charlie Wachtel, David Rabinowitz, Kevin Willmott","John David Washington, Adam Driver, Laura Harrier",English,"United States, China",Won 1 Oscar. 45 wins & 214 nominations total,83.0,7.5,278962,49275340,,Biography,Comedy,Crime,False
2018,2019,BEST PICTURE,"Graham King, Producer",Bohemian Rhapsody,False,Bohemian Rhapsody-2018,PG-13,02 Nov 2018,134,Bryan Singer,"Anthony McCarten, Peter Morgan","Rami Malek, Lucy Boynton, Gwilym Lee","English, British Sign ","United Kingdom, United States",Won 4 Oscars. 49 wins & 81 nominations total,49.0,7.9,565839,216668042,,Biography,Drama,Music,True
2018,2019,BEST PICTURE,"Jim Burke, Charles B. Wessler, Brian Currie, Peter Farrelly and Nick Vallelonga, Producers",Green Book,True,Green Book-2018,PG-13,16 Nov 2018,130,Peter Farrelly,"Nick Vallelonga, Brian Hayes Currie, Peter Farrelly","Viggo Mortensen, Mahershala Ali, Linda Cardellini","English, Italian, Russian, German","United States, China",Won 3 Oscars. 58 wins & 123 nominations total,69.0,8.2,533546,85080171,,Biography,Comedy,Drama,True
2018,2019,BEST PICTURE,"Gabriela Rodríguez and Alfonso Cuarón, Producers",Roma,False,Roma-2018,R,14 Dec 2018,135,Alfonso Cuarón,Alfonso Cuarón,"Yalitza Aparicio, Marina de Tavira, Diego Cortina Autrey","Spanish, Mixtec, English, Japanese, German, French, Norwegian","Mexico, United States",Won 3 Oscars. 251 wins & 217 nominations total,96.0,7.7,164962,0,,Drama,,,True
2018,2019,BEST PICTURE,"Dede Gardner, Jeremy Kleiner, Adam McKay and Kevin Messick, Producers",Vice,False,Vice-2018,R,25 Dec 2018,132,Adam McKay,Adam McKay,"Christian Bale, Amy Adams, Steve Carell","English, Arabic",United States,Won 1 Oscar. 35 wins & 139 nominations total,61.0,7.2,156359,47836282,,Biography,Comedy,Drama,False
2019,2020,BEST PICTURE,"Carthew Neal, Taika Waititi and Chelsea Winstanley, Producers",Jojo Rabbit,False,Jojo Rabbit-2019,PG-13,08 Nov 2019,108,Taika Waititi,"Christine Leunens, Taika Waititi","Roman Griffin Davis, Thomasin McKenzie, Scarlett Johansson","English, German","New Zealand, United States, Czech Republic",Won 1 Oscar. 49 wins & 188 nominations total,58.0,7.9,419961,33370906,,Comedy,Drama,War,False
2019,2020,BEST PICTURE,"Todd Phillips, Bradley Cooper and Emma Tillinger Koskoff, Producers",Joker,False,Joker-2019,R,04 Oct 2019,122,Todd Phillips,"Todd Phillips, Scott Silver, Bob Kane","Joaquin Phoenix, Robert De Niro, Zazie Beetz",English,"United States, Canada",Won 2 Oscars. 121 wins & 239 nominations total,59.0,8.4,1392643,335477657,,Crime,Drama,Thriller,False
2019,2020,BEST PICTURE,"Noah Baumbach and David Heyman, Producers",Marriage Story,False,Marriage Story-2019,R,06 Dec 2019,137,Noah Baumbach,Noah Baumbach,"Adam Driver, Scarlett Johansson, Julia Greer","English, Spanish","United Kingdom, United States",Won 1 Oscar. 127 wins & 271 nominations total,94.0,7.9,331309,0,,Drama,Romance,,False
2019,2020,BEST PICTURE,"Sam Mendes, Pippa Harris, Jayne-Ann Tenggren and Callum McDougall, Producers",1917,False,1917-2019,R,10 Jan 2020,119,Sam Mendes,"Sam Mendes, Krysty Wilson-Cairns","Dean-Charles Chapman, George MacKay, Daniel Mays","English, French, German","United Kingdom, United States, India, Spain",Won 3 Oscars. 135 wins & 204 nominations total,78.0,8.2,640046,159227644,,Action,Drama,War,True
2019,2020,BEST PICTURE,"Kwak Sin Ae and Bong Joon Ho, Producers",Parasite,True,Parasite-2019,R,08 Nov 2019,132,Bong Joon Ho,"Bong Joon Ho, Han Jin-won","Song Kang-ho, Lee Sun-kyun, Cho Yeo-jeong","Korean, English",South Korea,Won 4 Oscars. 306 wins & 264 nominations total,96.0,8.5,883879,53369749,,Drama,Thriller,,True
